USSales,YearReleased,Sequel,ReRelease,Usedprice,ReviewScore,Lifecycle,MaxPlayers,Online,licensed,Handheld,Accessory,LtdEdition,Multiplatform
4.69,2004,1,1,24.95,85,0,1,0,0,1,0,0,0
0.56,2004,0,0,14.95,89,0,1,1,0,1,0,0,0
0.54,2004,1,0,22.95,81,0,2,0,0,1,0,0,0
0.49,2004,0,0,12.95,81,0,1,1,0,1,0,0,0
0.45,2004,1,0,14.95,61,0,1,0,0,1,0,0,1
0.41,2004,1,0,12.95,67,0,1,0,0,1,0,0,1
0.36,2004,1,0,19.95,88,0,1,1,0,1,0,0,1
0.34,2004,0,0,17.95,75,0,1,1,0,1,0,0,0
0.25,2004,1,0,8.95,68,0,1,0,1,1,0,0,0
0.22,2004,0,0,24.95,46,0,1,0,0,1,0,0,0
0.2,2004,1,0,14.95,62,0,1,0,0,1,0,0,0
0.16,2004,0,0,8.95,75,0,1,0,0,1,0,0,0
0.15,2004,1,0,9.95,63,0,1,0,1,1,0,0,1
0.14,2004,0,1,14.95,74,0,1,1,0,1,0,0,0
0.13,2004,1,0,14.95,51,0,4,1,0,1,0,0,0
0.12,2004,0,0,8.95,73,0,1,0,1,1,0,0,0
0.11,2004,0,0,14.95,60,0,1,0,0,1,0,0,0
0.11,2004,0,0,7.95,28,0,1,0,0,1,0,0,0
0.1,2004,0,0,14.95,74,0,1,0,0,1,0,0,0
0.09,2004,1,0,14.95,72,0,1,0,0,1,0,0,0
0.06,2004,0,0,8.95,48,0,1,0,0,1,0,0,0
0.05,2004,1,0,16.95,66,0,1,1,0,1,0,0,0
0.04,2004,0,1,19.95,76,0,1,0,0,1,0,0,1
9.99,2005,1,0,29.95,91,1,1,1,0,1,0,0,0
9.72,2005,0,0,26.95,83,1,1,0,0,1,0,0,0
5.07,2005,0,0,17.95,77,1,1,0,0,1,0,0,0
3.65,2005,1,0,17.95,77,1,1,0,0,1,0,0,0
2.97,2005,1,0,17.95,88,1,1,1,0,1,0,0,1
2.6,2005,1,0,24.95,86,1,1,1,0,1,0,0,0
1.77,2005,0,0,16.95,74,1,1,0,0,1,0,0,0
1.69,2005,1,0,17.95,89,0,4,1,0,0,0,0,0
1.69,2005,1,0,14.95,74,1,1,1,1,1,0,0,1
1.67,2005,1,0,14.95,72,1,1,1,0,1,0,0,1
1.22,2005,1,0,14.95,62,1,1,0,0,1,0,0,0
1.2,2005,1,0,14.95,82,1,1,0,0,1,0,0,0
1.09,2005,1,0,16.95,69,1,1,1,1,1,0,0,0
1.07,2005,1,0,14.95,82,1,1,1,0,1,0,0,0
0.95,2005,1,0,17.95,83,0,2,1,0,0,0,0,1
0.92,2005,0,1,12.95,44,1,1,0,0,1,0,0,0
0.83,2005,1,0,17.95,70,1,1,0,0,1,0,0,1
0.77,2005,0,1,17.95,73,1,1,1,0,1,0,0,0
0.75,2005,1,0,29.95,86,1,1,0,0,1,0,0,0
0.75,2005,1,0,7.95,75,1,1,1,1,1,0,0,1
0.73,2005,1,0,17.95,74,1,4,1,1,1,0,0,0
0.73,2005,1,0,14.95,79,1,1,1,0,1,0,0,1
0.7,2005,1,0,17.95,79,0,4,1,0,0,0,0,0
0.7,2005,1,0,15.95,63,1,1,0,0,1,0,0,0
0.7,2005,0,0,29.95,75,1,1,0,0,1,0,0,0
0.68,2005,1,0,14.95,86,1,1,1,0,1,0,0,1
0.62,2005,1,0,4.95,74,0,2,1,1,0,0,0,1
0.61,2005,0,0,17.95,83,1,1,1,0,1,0,0,0
0.56,2005,0,0,12.95,63,1,4,1,1,1,0,0,0
0.56,2005,0,0,12.95,68,1,1,1,0,1,0,0,0
0.49,2005,1,0,14.95,83,1,1,1,0,1,0,0,0
0.46,2005,1,0,14.95,65,1,1,1,0,1,0,0,1
0.45,2005,1,0,12.95,88,1,1,1,0,1,0,0,0
0.42,2005,1,0,9.95,80,1,1,1,1,1,0,0,1
0.38,2005,1,0,14.95,81,1,4,0,0,1,0,0,1
0.38,2005,1,0,17.95,85,0,4,1,0,0,0,0,0
0.38,2005,0,0,24.95,81,1,1,0,0,1,0,0,0
0.38,2005,1,0,14.95,67,1,1,0,1,1,0,0,0
0.37,2005,1,0,17.95,73,1,4,1,1,1,0,0,0
0.37,2005,1,0,17.95,86,1,1,0,0,1,0,0,0
0.36,2005,1,0,16.95,77,0,4,1,0,0,0,0,1
0.36,2005,1,0,17.95,73,1,1,0,0,1,0,0,0
0.33,2005,1,0,9.95,71,0,4,1,1,0,0,0,0
0.33,2005,0,0,14.95,81,0,1,0,0,0,0,0,0
0.32,2005,0,0,14.95,80,0,2,0,1,0,0,0,1
0.31,2005,1,0,17.95,89,1,1,0,0,1,0,0,0
0.31,2005,0,0,13.95,67,1,1,0,0,1,0,0,1
0.31,2005,0,0,17.95,58,1,1,1,1,1,0,0,1
0.31,2005,0,0,11.95,79,0,1,1,0,0,0,0,0
0.3,2005,1,0,17.95,90,1,1,0,0,1,0,0,0
0.3,2005,0,0,15.95,81,1,1,0,0,1,0,0,0
0.3,2005,0,0,12.95,59,1,1,1,0,1,0,0,0
0.29,2005,1,0,4.95,64,0,1,0,0,0,0,0,1
0.29,2005,1,0,14.95,75,0,1,1,1,0,0,0,1
0.28,2005,1,0,16.95,73,1,1,0,1,1,0,0,0
0.28,2005,0,1,17.95,72,1,1,1,0,1,0,0,0
0.27,2005,0,0,14.95,66,1,1,0,1,1,0,0,1
0.27,2005,1,0,17.95,84,1,1,1,1,1,0,0,1
0.27,2005,1,0,14.95,75,0,1,1,0,0,0,0,0
0.26,2005,0,0,19.95,74,1,1,0,0,1,0,0,0
0.25,2005,1,0,15.95,45,1,1,0,1,1,0,0,1
0.25,2005,0,1,17.95,79,1,1,0,0,1,0,0,0
0.24,2005,0,0,9.95,80,1,1,0,1,1,0,0,0
0.22,2005,1,0,17.95,75,1,4,1,1,1,0,0,0
0.22,2005,1,0,17.95,79,1,1,0,0,1,0,0,0
0.22,2005,1,0,9.95,72,1,1,1,1,1,0,0,1
0.22,2005,0,0,19.95,75,0,1,0,0,0,0,0,1
0.22,2005,1,0,4.95,81,0,1,0,0,0,0,0,1
0.21,2005,1,0,9.95,73,1,4,1,1,1,0,0,1
0.21,2005,1,0,17.95,68,1,1,0,1,1,0,0,1
0.21,2005,1,0,16.95,84,1,1,1,1,1,0,0,1
0.21,2005,0,1,14.95,63,1,1,1,0,1,0,0,0
0.21,2005,0,0,4.95,67,1,1,1,0,1,0,0,1
0.21,2005,0,0,9.95,57,1,1,0,1,1,0,0,0
0.21,2005,0,0,17.95,78,1,1,1,1,1,0,0,0
0.21,2005,0,0,14.95,37,1,1,1,1,1,0,0,1
0.2,2005,1,0,16.95,79,1,1,1,0,1,0,0,1
0.2,2005,1,0,9.95,80,1,1,1,1,1,0,0,0
0.19,2005,0,0,9.95,61,1,1,0,0,1,0,0,0
0.19,2005,1,0,17.95,70,1,1,1,1,1,0,0,1
0.19,2005,1,0,17.95,66,1,1,0,0,1,0,0,0
0.18,2005,0,0,12.95,65,1,1,0,0,1,0,0,1
0.18,2005,0,0,11.95,56,1,1,0,1,1,0,0,1
0.18,2005,1,0,14.95,84,1,1,1,1,1,0,0,1
0.17,2005,1,1,6.95,65,1,1,0,0,1,0,0,0
0.16,2005,0,0,17.95,38,1,1,0,0,1,0,0,1
0.16,2005,0,0,15.95,88,1,1,0,0,1,0,0,0
0.15,2005,1,0,17.95,50,1,1,0,0,1,0,0,0
0.15,2005,0,0,8.95,63,1,1,0,0,1,0,0,0
0.15,2005,0,0,17.95,74,1,1,1,0,1,0,0,0
0.14,2005,0,0,14.95,70,1,1,0,0,1,0,0,0
0.14,2005,0,0,14.95,75,1,1,0,0,1,0,0,0
0.13,2005,0,0,12.95,72,1,2,1,0,1,0,0,0
0.13,2005,1,0,22.95,66,1,1,0,1,1,0,0,0
0.13,2005,1,0,12.95,83,1,1,0,0,1,0,0,0
0.13,2005,1,0,14.95,54,1,1,1,0,1,0,0,0
0.13,2005,1,0,9.95,65,1,1,0,0,1,0,0,1
0.13,2005,1,0,14.95,72,0,1,0,0,0,0,0,0
0.12,2005,0,0,17.95,68,1,1,0,0,1,0,0,0
0.12,2005,0,0,14.95,59,1,1,0,0,1,0,0,0
0.12,2005,1,0,9.95,66,1,1,0,1,1,0,0,1
0.12,2005,0,1,12.95,51,1,1,0,0,1,0,0,0
0.12,2005,0,0,14.95,66,1,1,0,0,1,0,0,0
0.12,2005,1,0,14.95,73,1,1,0,1,1,0,0,1
0.12,2005,0,0,12.95,80,1,1,1,0,1,0,0,0
0.11,2005,0,0,14.95,35,1,1,0,0,1,0,0,0
0.11,2005,1,0,17.95,75,1,1,0,0,1,0,0,1
0.11,2005,1,0,14.95,58,1,1,0,1,1,0,0,1
0.11,2005,1,0,22.95,65,1,1,0,1,1,0,0,1
0.11,2005,1,0,16.95,77,1,1,1,1,1,0,0,1
0.11,2005,1,0,19.95,66,1,1,0,0,1,0,0,1
0.11,2005,0,0,19.95,64,1,1,1,1,1,0,0,0
0.11,2005,0,0,12.95,43,1,1,1,0,1,0,0,0
0.1,2005,0,0,9.95,61,1,2,0,1,1,0,0,0
0.1,2005,1,0,14.95,74,0,2,1,0,0,0,0,0
0.1,2005,1,0,14.95,49,1,1,0,1,1,0,0,1
0.1,2005,0,0,12.95,70,1,1,1,1,1,0,0,0
0.1,2005,1,0,5.95,75,0,1,0,0,0,0,0,1
0.09,2005,0,1,17.95,75,1,1,0,0,1,0,0,0
0.09,2005,1,0,14.95,64,1,1,0,0,1,0,0,0
0.09,2005,1,0,11.95,46,1,1,0,0,1,0,0,0
0.09,2005,0,0,9.95,70,1,1,1,0,1,0,0,0
0.08,2005,0,0,14.95,34,1,1,0,1,1,0,0,1
0.08,2005,0,0,17.95,60,1,1,0,1,1,0,0,1
0.08,2005,1,0,14.95,73,1,1,0,0,1,0,0,0
0.08,2005,0,0,12.95,59,1,1,0,0,1,0,0,0
0.08,2005,0,0,17.95,68,1,1,0,0,1,0,0,0
0.08,2005,0,0,14.95,69,1,1,0,0,1,0,0,0
0.07,2005,0,0,24.95,69,1,1,0,0,1,0,0,0
0.07,2005,0,0,14.95,61,1,1,1,1,1,0,0,0
0.07,2005,0,0,7.95,51,1,1,1,0,1,0,0,1
0.06,2005,0,1,16.95,65,1,1,0,0,1,0,0,0
0.06,2005,1,0,17.95,69,1,1,0,0,1,0,0,1
0.06,2005,1,0,17.95,68,1,1,0,0,1,0,0,0
0.06,2005,0,0,17.95,71,1,1,0,0,1,0,0,0
0.06,2005,0,0,17.95,61,1,1,0,0,1,0,0,0
0.06,2005,1,0,17.95,58,1,1,0,1,1,0,0,1
0.06,2005,1,0,24.95,61,1,1,1,0,1,0,0,1
0.06,2005,0,0,14.95,45,1,1,1,0,1,0,0,0
0.06,2005,0,0,17.95,72,1,1,0,0,1,0,0,0
0.05,2005,1,0,14.95,58,1,1,0,0,1,0,0,0
0.05,2005,0,0,9.95,77,1,1,0,0,1,0,0,1
0.04,2005,0,1,17.95,38,1,1,0,0,1,0,0,0
0.02,2005,0,0,17.95,12,1,2,0,0,1,0,0,0
0.02,2005,0,0,17.95,68,1,2,0,0,1,0,0,0
0.02,2005,0,1,14.95,54,1,1,0,0,1,0,0,0
0.02,2005,0,0,14.95,57,1,1,1,0,1,0,0,0
0.01,2005,0,0,29.95,71,1,1,0,0,1,0,0,0
0.01,2005,0,0,22.95,61,1,1,0,0,1,0,0,0
0.01,2005,1,0,13.95,49,1,1,0,0,1,0,0,0
14.66,2006,0,0,14.95,58,0,2,0,0,0,0,0,0
10.03,2006,1,0,27.95,89,2,1,0,0,1,0,0,1
6.77,2006,1,0,27.95,85,2,1,0,0,1,0,0,0
6.77,2006,1,0,26.95,85,2,1,0,0,1,0,0,0
3.7,2006,0,0,19.95,94,1,2,1,0,0,0,0,0
3.33,2006,1,0,39.95,95,0,1,0,0,0,0,0,1
2.9,2006,0,0,17.95,67,2,1,0,0,1,0,0,0
2.42,2006,0,0,14.95,82,1,4,1,1,0,0,0,1
2.38,2006,1,0,14.95,85,2,1,1,0,1,0,0,0
2.12,2006,1,0,19.95,94,1,1,0,0,0,0,0,1
1.77,2006,1,0,4.95,80,1,2,1,1,0,0,0,1
1.72,2006,1,0,17.95,86,2,1,1,0,1,0,0,1
1.61,2006,0,0,19.95,86,0,4,1,0,0,0,0,0
1.58,2006,0,0,16.95,82,0,1,1,0,0,0,0,0
1.51,2006,1,0,16.95,82,1,2,1,0,0,0,0,1
1.49,2006,1,1,27.95,81,2,1,0,0,1,0,0,0
1.46,2006,1,0,14.95,90,1,4,1,0,0,0,0,1
1.4,2006,1,0,14.95,86,1,2,1,0,0,0,0,1
1.36,2006,1,0,19.95,69,2,1,0,0,1,0,0,0
1.26,2006,0,0,17.95,76,0,4,0,0,0,0,0,1
1.23,2006,0,0,14.95,81,1,1,1,0,0,0,0,0
1.19,2006,1,0,14.95,88,1,2,1,1,0,0,0,1
1.16,2006,0,0,16.95,85,1,1,0,0,0,0,0,0
1.15,2006,1,0,19.95,69,0,1,0,0,0,0,0,1
1.15,2006,0,0,12.95,79,1,1,1,0,0,0,0,1
1.03,2006,0,0,22.95,69,2,1,0,0,1,0,0,0
1.02,2006,1,0,17.95,47,2,1,0,1,1,0,0,1
1,2006,1,0,14.95,74,0,4,0,0,0,0,0,0
0.97,2006,1,0,14.95,49,2,1,0,0,1,0,0,1
0.93,2006,1,0,16.95,73,2,1,1,0,1,0,0,1
0.9,2006,1,0,39.95,83,0,6,0,0,0,0,0,0
0.86,2006,1,0,13.95,83,0,2,1,0,0,0,0,1
0.86,2006,1,1,17.95,77,2,1,1,0,1,0,0,0
0.86,2006,1,0,16.95,81,2,1,0,0,1,0,0,0
0.83,2006,1,0,9.95,78,2,1,0,1,1,0,0,1
0.82,2006,0,0,12.95,51,0,4,0,0,0,0,0,0
0.82,2006,1,0,27.95,71,2,1,0,0,1,0,0,0
0.81,2006,1,0,39.95,53,0,4,1,0,0,0,0,0
0.81,2006,1,0,14.95,71,2,1,1,0,1,0,0,0
0.81,2006,1,1,17.95,88,2,1,1,0,1,0,0,0
0.78,2006,1,0,16.95,77,1,2,1,1,0,0,0,1
0.77,2006,1,0,27.95,76,2,1,0,0,1,0,0,0
0.76,2006,0,0,17.95,64,2,1,0,0,1,0,0,0
0.71,2006,0,0,12.95,70,2,4,0,1,1,0,0,1
0.7,2006,1,0,4.95,79,1,2,1,1,0,0,0,1
0.67,2006,0,1,17.95,70,2,2,1,0,1,0,0,0
0.67,2006,1,0,16.95,68,2,1,1,0,1,0,0,0
0.67,2006,1,0,17.95,85,1,1,1,1,0,0,0,1
0.66,2006,1,1,17.95,84,2,1,1,0,1,0,0,0
0.61,2006,1,0,17.95,83,2,2,1,1,1,0,0,1
0.58,2006,0,0,14.95,63,0,4,0,0,0,0,0,0
0.58,2006,1,0,27.95,85,2,1,0,0,1,0,0,0
0.57,2006,1,0,14.95,81,1,2,0,1,0,0,0,0
0.56,2006,1,0,4.95,84,1,1,0,0,0,0,0,1
0.55,2006,0,1,17.95,82,2,2,1,0,1,0,0,1
0.52,2006,1,0,19.95,80,0,1,1,0,0,0,0,1
0.51,2006,1,0,7.95,64,2,1,1,1,1,0,0,1
0.49,2006,0,0,14.95,41,0,4,0,0,0,1,0,0
0.49,2006,1,0,6.95,76,0,2,1,1,0,0,0,1
0.49,2006,0,0,12.95,48,2,1,1,0,1,0,0,1
0.48,2006,1,0,9.95,81,0,4,0,1,0,0,0,1
0.48,2006,1,0,16.95,74,2,2,0,0,1,0,0,1
0.47,2006,1,0,17.95,75,0,2,1,1,0,0,0,1
0.47,2006,1,0,17.95,67,0,2,0,1,0,0,0,1
0.45,2006,1,0,12.95,81,1,4,1,1,0,0,0,1
0.45,2006,1,0,9.95,80,1,1,0,1,0,0,0,1
0.44,2006,0,0,16.95,84,1,4,1,1,0,0,0,0
0.44,2006,0,0,14.95,57,0,1,0,0,0,0,0,1
0.42,2006,1,0,17.95,68,2,2,1,1,1,0,0,1
0.42,2006,1,0,16.95,81,1,2,1,1,0,0,0,1
0.42,2006,1,0,4.95,59,1,1,0,0,0,0,0,1
0.4,2006,1,0,19.95,72,0,2,0,0,0,0,0,0
0.4,2006,0,0,17.95,67,2,1,0,0,1,0,0,0
0.39,2006,1,0,14.95,76,2,1,1,0,1,0,0,0
0.39,2006,0,0,17.95,87,2,1,1,0,1,0,0,0
0.38,2006,0,0,17.95,73,0,4,0,1,0,0,0,1
0.37,2006,0,0,16.95,66,1,2,1,0,0,0,0,1
0.37,2006,1,0,4.95,66,1,2,0,1,0,0,0,1
0.36,2006,1,0,9.95,75,2,1,0,1,1,0,0,1
0.35,2006,1,0,9.95,83,2,2,0,1,1,0,0,1
0.35,2006,0,0,16.95,67,0,2,1,0,0,0,0,1
0.34,2006,1,0,14.95,78,2,4,1,1,1,0,0,1
0.34,2006,0,0,24.95,78,2,1,0,0,1,0,0,0
0.34,2006,0,0,22.95,81,2,1,1,1,1,0,0,1
0.33,2006,0,0,24.95,78,0,4,1,1,0,0,0,1
0.32,2006,1,0,14.95,81,0,4,1,1,0,0,0,1
0.32,2006,1,0,22.95,75,2,1,1,0,1,0,0,0
0.32,2006,1,0,16.95,77,2,1,1,0,1,0,0,0
0.32,2006,0,0,17.95,85,1,1,1,0,0,0,0,0
0.31,2006,1,0,7.95,80,0,7,1,1,0,0,0,1
0.3,2006,1,0,14.95,76,0,2,0,1,0,0,0,1
0.3,2006,0,0,17.95,64,2,1,0,1,1,0,0,1
0.3,2006,1,0,17.95,85,2,1,1,0,1,0,0,0
0.29,2006,1,0,22.95,82,1,1,0,0,0,0,0,1
0.28,2006,0,0,9.95,81,1,2,1,0,0,0,0,1
0.28,2006,1,0,17.95,80,0,1,0,0,0,0,0,0
0.28,2006,1,0,14.95,56,1,1,1,0,0,0,0,0
0.27,2006,0,0,9.95,87,2,1,0,0,1,0,0,0
0.27,2006,1,1,14.95,80,2,1,1,0,1,0,0,0
0.27,2006,0,0,14.95,79,1,1,0,0,0,0,0,0
0.27,2006,1,0,19.95,79,1,1,1,1,0,0,0,0
0.27,2006,0,0,14.95,79,1,1,1,0,0,0,0,0
0.26,2006,0,0,16.95,71,2,1,0,1,1,0,0,1
0.26,2006,0,1,17.95,75,2,1,1,0,1,0,0,0
0.26,2006,1,0,13.95,80,2,1,0,1,1,0,0,1
0.26,2006,1,0,14.95,52,2,1,1,1,1,0,0,1
0.26,2006,1,0,5.95,79,1,1,0,0,0,0,0,1
0.25,2006,0,0,12.95,71,2,1,1,0,1,0,0,0
0.25,2006,0,0,14.95,71,1,1,1,0,0,0,0,0
0.25,2006,1,0,17.95,82,1,1,1,1,0,0,0,1
0.24,2006,1,0,14.95,72,0,2,0,1,0,0,0,1
0.24,2006,1,0,14.95,75,2,1,1,0,1,0,0,0
0.24,2006,1,0,11.95,63,2,1,0,1,1,0,0,1
0.24,2006,1,0,14.95,68,2,1,1,1,1,0,0,0
0.24,2006,1,0,12.95,87,2,1,1,0,1,0,0,1
0.23,2006,1,0,6.95,63,0,4,1,1,0,0,0,0
0.23,2006,1,0,14.95,72,1,4,1,1,0,0,0,1
0.23,2006,1,0,19.95,78,0,2,1,0,0,0,0,0
0.23,2006,0,0,14.95,70,1,2,1,0,0,0,0,0
0.22,2006,0,0,14.95,75,0,4,0,0,0,0,0,0
0.22,2006,1,0,14.95,76,2,1,1,0,1,0,0,1
0.21,2006,1,0,17.95,57,2,1,0,0,1,0,0,1
0.21,2006,1,0,12.95,78,2,1,0,1,1,0,0,1
0.2,2006,0,0,16.95,65,1,2,0,1,0,0,0,1
0.2,2006,0,0,14.95,72,2,1,1,0,1,0,0,1
0.2,2006,0,0,17.95,77,1,1,0,1,0,0,0,1
0.19,2006,1,0,16.95,46,0,4,0,0,0,0,0,1
0.19,2006,1,0,6.95,82,1,4,1,1,0,0,0,1
0.19,2006,1,0,17.95,78,1,4,1,0,0,0,0,0
0.19,2006,0,0,16.95,70,1,2,1,0,0,0,0,0
0.19,2006,1,0,17.95,80,2,1,0,0,1,0,0,0
0.19,2006,1,0,14.95,70,2,1,0,0,1,0,0,1
0.19,2006,1,0,6.95,65,2,1,1,0,1,0,0,0
0.19,2006,0,0,19.95,51,2,1,0,1,1,0,0,1
0.19,2006,0,0,7.95,51,1,1,0,1,0,0,0,1
0.18,2006,0,0,17.95,49,1,2,1,0,0,0,0,0
0.18,2006,1,0,4.95,66,1,1,1,0,0,0,0,0
0.17,2006,0,0,17.95,69,2,1,0,0,1,0,0,0
0.17,2006,1,0,13.95,76,2,1,0,0,1,0,0,0
0.17,2006,0,0,17.95,72,2,1,0,1,1,0,0,1
0.17,2006,0,0,16.95,53,2,1,0,0,1,0,0,0
0.17,2006,1,0,14.95,55,0,1,0,0,0,0,0,0
0.16,2006,1,0,12.95,75,1,4,1,1,0,0,0,0
0.16,2006,0,0,14.95,77,2,2,1,0,1,0,0,0
0.16,2006,1,0,16.95,65,2,1,0,0,1,0,0,0
0.16,2006,1,0,22.95,80,2,1,0,0,1,0,0,0
0.15,2006,0,0,12.95,39,2,1,0,0,1,0,0,0
0.15,2006,1,0,13.95,40,2,1,0,0,1,0,0,0
0.15,2006,0,0,14.95,62,2,1,0,1,1,0,0,0
0.15,2006,0,0,17.95,69,1,1,1,0,0,0,0,1
0.14,2006,1,0,12.95,76,2,4,0,1,1,0,0,1
0.14,2006,1,0,14.95,73,2,2,1,0,1,0,0,0
0.14,2006,1,0,14.95,67,0,2,1,0,0,0,0,1
0.14,2006,0,0,14.95,69,1,2,1,0,0,0,0,0
0.14,2006,0,0,24.95,64,1,2,1,1,0,0,0,0
0.14,2006,0,0,16.95,63,2,1,0,1,1,0,0,1
0.14,2006,0,0,14.95,69,2,1,0,0,1,0,0,0
0.14,2006,1,0,19.95,76,2,1,0,0,1,0,0,0
0.14,2006,1,0,14.95,65,2,1,1,0,1,0,0,0
0.14,2006,0,0,16.95,72,0,1,0,0,0,0,0,0
0.14,2006,0,0,14.95,69,1,1,1,1,0,0,0,1
0.14,2006,0,0,14.95,52,1,1,0,1,0,0,0,1
0.13,2006,1,0,16.95,58,0,2,1,0,0,0,0,0
0.13,2006,0,0,14.95,46,0,2,0,1,0,0,0,1
0.13,2006,0,0,17.95,72,2,1,0,1,1,0,0,1
0.13,2006,1,0,24.95,74,2,1,0,0,1,0,0,0
0.13,2006,0,0,17.95,83,2,1,1,0,1,0,0,0
0.13,2006,1,0,14.95,53,1,1,1,0,0,0,0,0
0.12,2006,1,0,14.95,49,1,4,1,0,0,0,0,0
0.12,2006,1,0,14.95,80,1,4,1,1,0,0,0,0
0.12,2006,1,0,14.95,81,2,2,1,1,1,0,0,0
0.12,2006,0,0,15.95,59,2,1,0,1,1,0,0,0
0.12,2006,1,0,4.95,69,2,1,0,1,1,0,0,1
0.12,2006,1,0,17.95,61,2,1,1,1,1,0,0,0
0.12,2006,0,0,17.95,70,2,1,1,0,1,0,0,1
0.11,2006,0,0,14.95,59,2,4,1,1,1,0,0,1
0.11,2006,0,1,16.95,73,0,4,0,0,0,0,0,1
0.11,2006,0,0,14.95,59,1,4,0,1,0,0,0,1
0.11,2006,1,0,17.95,61,0,2,0,1,0,0,0,1
0.11,2006,0,0,17.95,57,2,1,0,1,1,0,0,1
0.11,2006,1,0,17.95,72,2,1,1,1,1,0,0,1
0.11,2006,0,1,17.95,76,2,1,0,1,1,0,0,0
0.11,2006,0,1,16.95,82,2,1,0,0,1,0,0,0
0.11,2006,1,0,6.95,70,1,1,0,1,0,0,0,1
0.1,2006,1,0,14.95,61,1,2,0,0,0,0,0,1
0.1,2006,0,0,9.95,69,2,1,0,0,1,0,0,0
0.1,2006,0,1,17.95,71,2,1,0,0,1,0,0,0
0.1,2006,0,0,14.95,50,2,1,0,1,1,0,0,1
0.1,2006,1,0,14.95,69,2,1,0,1,1,0,0,0
0.1,2006,1,0,16.95,70,2,1,1,1,1,0,0,1
0.1,2006,1,0,17.95,53,1,1,0,1,0,0,0,0
0.1,2006,1,0,17.95,48,1,1,0,1,0,0,0,0
0.09,2006,1,0,19.95,65,0,2,1,0,0,0,0,1
0.09,2006,0,0,12.95,48,1,2,0,1,0,0,0,1
0.09,2006,0,0,14.95,68,2,1,1,0,1,0,0,0
0.09,2006,0,0,17.95,68,2,1,0,0,1,0,0,0
0.09,2006,1,0,17.95,79,2,1,0,1,1,0,0,0
0.09,2006,1,0,24.95,66,2,1,0,1,1,0,0,1
0.09,2006,0,0,16.95,45,0,1,0,1,0,0,0,1
0.09,2006,0,0,16.95,73,1,1,0,0,0,0,0,1
0.09,2006,0,0,19.95,39,1,1,0,0,0,0,0,0
0.09,2006,1,0,24.95,64,1,1,1,0,0,0,0,1
0.09,2006,0,0,14.95,64,1,1,0,0,0,0,0,0
0.08,2006,1,0,11.95,80,1,6,1,0,0,0,0,1
0.08,2006,0,0,17.95,69,0,2,0,0,0,0,0,0
0.08,2006,0,0,14.95,60,2,1,0,1,1,0,0,0
0.08,2006,0,0,27.95,49,2,1,0,1,1,0,0,0
0.08,2006,0,0,17.95,43,2,1,0,1,1,0,0,1
0.08,2006,1,0,17.95,67,2,1,0,0,1,0,0,0
0.08,2006,0,1,14.95,74,2,1,1,0,1,0,0,0
0.07,2006,0,1,14.95,56,2,4,1,0,1,0,0,0
0.07,2006,0,0,17.95,49,0,4,0,1,0,0,0,1
0.07,2006,1,0,14.95,52,1,4,1,0,0,0,0,1
0.07,2006,0,0,17.95,65,0,2,0,1,0,0,0,1
0.07,2006,1,0,16.95,38,0,2,0,0,0,0,0,0
0.07,2006,0,0,17.95,54,1,2,1,1,0,0,0,0
0.07,2006,0,0,14.95,73,2,1,1,0,1,0,0,0
0.07,2006,0,0,17.95,66,2,1,0,1,1,0,0,1
0.07,2006,0,0,14.95,60,2,1,0,0,1,0,0,0
0.07,2006,1,0,17.95,58,2,1,1,1,1,0,0,1
0.07,2006,1,0,17.95,61,2,1,0,0,1,0,0,0
0.07,2006,0,1,12.95,67,2,1,1,0,1,0,0,0
0.07,2006,0,0,17.95,68,2,1,0,0,1,0,0,0
0.07,2006,0,0,17.95,64,2,1,1,0,1,0,0,0
0.07,2006,1,0,14.95,63,2,1,0,0,1,0,0,1
0.07,2006,1,0,17.95,66,0,1,0,1,0,0,0,0
0.06,2006,1,0,17.95,62,1,4,1,0,0,0,0,0
0.06,2006,0,0,16.95,72,2,1,0,1,1,0,0,1
0.06,2006,0,0,10.95,57,2,1,0,0,1,0,0,0
0.06,2006,0,0,16.95,60,2,1,1,0,1,0,0,0
0.06,2006,0,0,11.95,74,2,1,1,0,1,0,0,0
0.06,2006,0,1,17.95,72,2,1,0,0,1,0,0,0
0.06,2006,0,0,14.95,44,2,1,0,1,1,0,0,1
0.06,2006,0,0,14.95,59,1,1,0,1,0,0,0,1
0.06,2006,0,0,16.95,55,1,1,0,0,0,0,0,0
0.05,2006,0,1,17.95,75,2,4,1,0,1,0,0,0
0.05,2006,1,0,14.95,68,2,2,1,0,1,0,0,1
0.05,2006,0,0,12.95,48,2,1,0,1,1,0,0,1
0.05,2006,0,0,14.95,55,2,1,0,1,1,0,0,0
0.05,2006,1,0,14.95,60,2,1,0,0,1,0,0,0
0.05,2006,0,0,12.95,70,2,1,0,0,1,0,0,0
0.05,2006,0,0,7.95,34,2,1,0,1,1,0,0,1
0.05,2006,1,0,17.95,58,2,1,0,0,1,0,0,1
0.05,2006,1,0,17.95,64,2,1,0,0,1,0,0,1
0.05,2006,0,0,12.95,78,2,1,1,0,1,0,0,1
0.05,2006,0,0,19.95,67,2,1,1,1,1,0,0,1
0.05,2006,0,0,17.95,76,2,1,0,1,1,0,0,1
0.05,2006,1,0,24.95,56,2,1,1,0,1,0,0,1
0.05,2006,1,0,16.95,64,2,1,0,0,1,0,0,0
0.05,2006,0,0,24.95,46,0,1,0,1,0,0,0,0
0.04,2006,1,0,24.95,78,2,1,1,0,1,0,0,0
0.04,2006,0,0,13.95,47,2,1,0,1,1,0,0,0
0.04,2006,0,1,17.95,66,2,1,0,0,1,0,0,0
0.04,2006,0,0,8.95,70,2,1,0,0,1,0,0,1
0.04,2006,0,0,17.95,63,2,1,0,1,1,0,0,1
0.04,2006,0,0,14.95,50,2,1,0,0,1,0,0,0
0.04,2006,1,0,17.95,52,2,1,1,1,1,0,0,0
0.04,2006,1,0,22.95,80,2,1,1,0,1,0,0,0
0.04,2006,0,1,17.95,76,2,1,0,0,1,0,0,0
0.04,2006,1,0,17.95,63,2,1,0,0,1,0,0,0
0.04,2006,0,0,17.95,51,2,1,0,0,1,0,0,1
0.04,2006,1,0,12.95,34,1,1,0,0,0,0,0,0
0.03,2006,0,1,16.95,61,2,2,1,0,1,0,0,0
0.03,2006,0,0,19.95,47,0,2,0,0,0,0,0,0
0.03,2006,0,0,17.95,69,1,2,0,0,0,0,0,0
0.03,2006,0,0,12.95,60,1,2,1,0,0,0,0,0
0.03,2006,1,0,12.95,66,2,1,0,1,1,0,0,0
0.03,2006,0,0,16.95,48,2,1,0,0,1,0,0,0
0.03,2006,0,0,17.95,50,2,1,0,0,1,0,0,1
0.03,2006,0,0,14.95,57,2,1,1,0,1,0,0,0
0.03,2006,0,0,17.95,63,2,1,1,0,1,0,0,0
0.03,2006,0,1,12.95,47,2,1,0,0,1,0,0,0
0.03,2006,0,0,32.95,69,2,1,0,1,1,0,0,1
0.03,2006,1,0,17.95,82,2,1,1,1,1,0,0,1
0.03,2006,0,0,16.95,63,2,1,0,0,1,0,0,1
0.03,2006,0,0,7.95,41,2,1,0,1,1,0,0,0
0.03,2006,0,0,17.95,55,2,1,1,1,1,0,0,0
0.02,2006,0,0,12.95,60,2,2,1,0,1,0,0,0
0.02,2006,0,0,14.95,46,2,1,0,0,1,0,0,0
0.02,2006,0,0,19.95,60,2,1,0,0,1,0,0,0
0.02,2006,0,0,19.95,63,2,1,0,0,1,0,0,0
0.02,2006,1,0,14.95,37,2,1,0,0,1,0,0,0
0.02,2006,0,0,14.95,70,2,1,0,0,1,0,0,0
0.02,2006,0,0,17.95,78,2,1,0,0,1,0,0,0
0.02,2006,0,0,17.95,54,2,1,0,0,1,0,0,0
0.02,2006,1,0,9.95,51,2,1,0,0,1,0,0,0
0.02,2006,0,0,17.95,64,2,1,1,1,1,0,0,1
0.01,2006,1,0,17.95,61,2,2,1,1,1,0,0,1
0.01,2006,0,0,14.95,59,2,2,1,0,1,0,0,0
0.01,2006,1,0,17.95,74,2,1,1,0,1,0,0,0
0.01,2006,0,0,13.95,55,2,1,0,0,1,0,0,0
0.01,2006,0,0,13.95,78,2,1,0,0,1,0,0,0
0.01,2006,0,0,12.95,39,2,1,0,0,1,0,0,0
0.01,2006,1,0,6.95,58,2,1,0,1,1,0,0,0
9.6,2007,0,0,24.95,80,1,1,0,0,0,0,0,0
8.03,2007,1,0,24.95,94,2,4,1,0,0,0,0,0
5.77,2007,1,0,29.95,94,2,4,1,0,0,0,0,1
4.94,2007,1,0,39.95,97,1,2,0,0,0,0,0,0
4.34,2007,1,0,27.95,72,3,1,0,0,1,0,0,0
3.84,2007,1,0,39.95,62,1,4,0,0,0,0,0,0
3.28,2007,1,0,12.95,85,2,2,1,0,0,0,0,1
3.2,2007,0,0,14.95,68,1,1,0,0,0,0,0,0
3.19,2007,1,0,49.95,86,1,2,1,0,0,0,0,1
3.17,2007,0,0,16.95,81,2,1,0,0,0,0,0,1
3.03,2007,1,0,17.95,80,1,2,0,1,0,0,0,1
2.91,2007,1,0,24.95,94,1,4,1,0,0,0,0,1
2.74,2007,0,0,29.95,67,1,4,0,1,0,0,0,1
2.66,2007,1,0,17.95,80,3,1,0,1,1,0,0,1
2.48,2007,1,0,12.95,90,2,2,1,1,0,0,0,0
2.32,2007,1,0,9.95,85,2,4,1,1,0,0,0,1
2.04,2007,1,0,17.95,92,2,2,0,0,0,0,0,1
2.02,2007,0,0,14.95,92,2,4,1,0,0,0,0,1
1.92,2007,1,0,24.95,90,3,1,1,0,1,0,0,0
1.91,2007,1,0,15.95,59,3,1,0,0,1,0,0,0
1.91,2007,1,0,24.95,59,3,1,1,0,1,0,0,0
1.77,2007,0,0,17.95,81,1,1,0,0,0,0,0,1
1.76,2007,0,0,24.95,88,1,1,0,0,0,0,0,0
1.57,2007,0,0,17.95,91,2,1,0,0,0,0,0,0
1.56,2007,1,0,17.95,70,3,1,0,0,1,0,0,0
1.52,2007,0,0,16.95,96,2,1,0,0,0,0,0,1
1.5,2007,1,0,29.95,85,1,1,0,0,0,0,0,0
1.49,2007,0,0,14.95,25,1,4,0,0,0,0,0,0
1.47,2007,1,0,14.95,85,3,1,1,0,1,0,0,1
1.45,2007,1,0,17.95,73,1,4,0,0,0,0,0,0
1.43,2007,1,0,32.95,83,1,2,0,0,0,1,0,1
1.38,2007,1,0,14.95,61,1,2,0,0,0,0,0,0
1.31,2007,1,0,24.95,80,1,2,1,0,0,0,0,0
1.26,2007,0,0,23.95,85,3,1,0,0,1,0,0,0
1.24,2007,1,1,16.95,91,1,1,0,0,0,0,0,0
1.2,2007,1,0,17.95,93,1,1,0,0,0,0,0,1
1.17,2007,0,0,17.95,67,3,1,0,1,1,0,0,0
1.17,2007,0,0,17.95,66,3,1,0,1,1,0,0,0
1.16,2007,1,0,19.95,64,1,6,0,1,0,0,0,0
1.16,2007,0,0,24.95,63,3,1,1,0,1,0,0,0
1.13,2007,0,0,10.95,66,3,1,0,1,1,0,0,0
1.1,2007,0,0,19.95,68,1,8,0,0,0,0,0,0
1.1,2007,1,0,16.95,72,2,2,1,1,0,0,0,1
1.1,2007,0,0,11.95,20,3,1,0,1,1,0,0,0
1.09,2007,1,0,17.95,80,2,2,1,1,0,0,0,1
1.08,2007,1,0,16.95,69,1,4,0,0,0,0,0,0
1.06,2007,1,1,17.95,96,2,1,1,0,0,0,0,0
1.02,2007,0,0,14.95,83,2,1,1,0,0,0,0,0
1.01,2007,0,0,14.95,92,1,4,1,0,0,0,0,1
1,2007,1,0,17.95,72,1,4,0,1,0,0,0,1
0.96,2007,1,0,12.95,71,2,4,1,0,0,0,0,1
0.94,2007,1,0,9.95,81,1,4,1,1,0,0,0,1
0.94,2007,0,0,19.95,75,3,1,0,0,1,0,0,1
0.94,2007,0,0,17.95,68,1,1,0,0,0,0,0,0
0.93,2007,1,0,29.95,79,1,4,0,0,0,0,0,0
0.93,2007,1,0,16.95,73,3,1,0,0,1,0,0,0
0.91,2007,1,0,17.95,59,3,1,0,0,1,0,0,0
0.91,2007,1,0,19.95,90,1,1,0,0,0,0,0,0
0.89,2007,0,0,9.95,33,1,4,0,1,0,0,0,0
0.89,2007,1,0,14.95,86,2,1,1,1,0,0,0,1
0.86,2007,1,0,12.95,76,1,4,0,1,0,0,0,1
0.86,2007,1,0,22.95,89,1,1,0,0,0,0,0,0
0.85,2007,1,0,17.95,80,1,2,1,1,0,0,0,1
0.84,2007,1,0,17.95,67,1,4,0,0,0,0,0,1
0.83,2007,1,0,9.95,81,2,1,0,0,0,0,0,1
0.8,2007,0,1,17.95,67,3,1,0,0,1,0,0,1
0.75,2007,1,0,16.95,73,1,2,1,1,0,0,0,1
0.75,2007,0,0,16.95,57,1,2,0,0,0,0,0,1
0.75,2007,0,0,17.95,73,3,1,0,0,1,0,0,0
0.72,2007,0,0,17.95,66,1,4,0,0,0,0,0,1
0.7,2007,1,0,9.95,79,2,2,1,1,0,0,0,1
0.7,2007,0,0,17.95,53,3,1,0,1,1,0,0,0
0.69,2007,1,0,19.95,75,1,2,0,0,0,0,0,0
0.68,2007,1,0,9.95,81,2,2,1,1,0,0,0,1
0.68,2007,0,0,14.95,63,3,1,0,0,1,0,0,0
0.67,2007,1,0,17.95,69,3,1,0,1,1,0,0,1
0.66,2007,1,0,16.95,66,3,1,0,0,1,0,0,1
0.65,2007,0,0,16.95,86,2,4,1,1,0,0,0,1
0.64,2007,1,0,14.95,74,1,6,1,0,0,0,0,1
0.64,2007,1,0,9.95,75,3,1,0,1,1,0,0,1
0.6,2007,1,0,9.95,73,1,4,1,1,0,0,0,1
0.6,2007,0,0,17.95,69,3,1,0,1,1,0,0,1
0.58,2007,1,0,19.95,80,2,1,1,0,0,0,0,0
0.57,2007,0,0,24.95,79,1,1,0,0,0,0,0,0
0.57,2007,0,1,19.95,88,1,1,0,1,0,0,0,0
0.57,2007,0,0,16.95,63,1,1,0,0,0,0,0,1
0.55,2007,0,0,17.95,71,2,2,0,1,0,0,0,1
0.53,2007,0,0,17.95,67,3,1,0,0,1,0,0,0
0.52,2007,1,0,24.95,78,3,1,1,0,1,0,0,0
0.51,2007,1,0,14.95,80,2,4,1,1,0,0,0,1
0.51,2007,1,0,16.95,72,2,2,1,1,0,0,0,1
0.51,2007,1,0,24.95,64,3,1,1,0,1,0,0,0
0.51,2007,0,0,14.95,52,2,1,0,1,0,0,0,1
0.5,2007,1,0,9.95,81,1,7,1,1,0,0,0,1
0.5,2007,1,0,17.95,69,3,1,1,0,1,0,0,1
0.5,2007,0,0,17.95,65,1,1,0,0,0,0,0,0
0.5,2007,1,0,11.95,63,2,1,0,1,0,0,0,1
0.49,2007,1,0,16.95,86,1,2,1,1,0,0,0,1
0.49,2007,1,0,16.95,61,1,2,0,1,0,0,0,1
0.49,2007,1,0,9.95,73,2,1,0,0,0,0,0,1
0.48,2007,1,0,19.95,65,2,4,1,1,0,0,0,0
0.48,2007,1,0,17.95,70,2,2,1,1,0,0,0,1
0.48,2007,1,1,17.95,85,3,1,0,0,1,0,0,0
0.48,2007,1,0,19.95,74,1,1,0,0,0,0,1,0
0.47,2007,1,0,7.95,80,2,4,1,0,0,0,0,1
0.47,2007,0,0,17.95,64,1,2,0,1,0,0,0,1
0.47,2007,0,0,16.95,52,1,1,0,0,0,0,0,0
0.46,2007,1,0,16.95,68,3,4,1,0,1,0,0,1
0.46,2007,0,0,34.95,84,1,4,1,0,0,1,0,0
0.46,2007,1,0,17.95,71,1,4,0,1,0,0,0,1
0.46,2007,0,0,22.95,73,2,4,0,1,0,1,0,0
0.46,2007,0,0,17.95,73,3,1,0,0,1,0,0,0
0.46,2007,1,0,22.95,60,3,1,0,0,1,0,0,0
0.45,2007,0,0,17.95,57,1,2,0,0,0,0,0,1
0.45,2007,1,0,17.95,73,2,2,1,0,0,0,0,1
0.45,2007,1,0,17.95,73,1,1,0,0,0,0,0,1
0.45,2007,1,0,14.95,53,1,1,0,1,0,0,0,1
0.45,2007,0,0,19.95,78,2,1,0,0,0,0,0,0
0.44,2007,0,0,17.95,58,3,1,0,1,1,0,0,1
0.44,2007,1,0,16.95,79,3,1,0,1,1,0,0,1
0.44,2007,1,1,17.95,88,3,1,1,0,1,0,0,0
0.44,2007,0,0,24.95,72,1,1,1,0,0,0,0,0
0.43,2007,1,0,14.95,82,1,6,0,1,0,0,0,0
0.43,2007,0,0,19.95,62,1,1,0,1,0,0,0,1
0.43,2007,1,0,22.95,65,1,1,0,0,0,0,0,1
0.43,2007,0,0,14.95,50,2,1,1,0,0,0,0,0
0.42,2007,1,0,17.95,69,1,2,0,0,0,0,0,1
0.41,2007,1,0,14.95,46,2,2,0,1,0,0,0,1
0.41,2007,1,0,27.95,60,3,1,0,0,1,0,0,0
0.41,2007,1,0,17.95,58,3,1,0,0,1,0,0,0
0.41,2007,1,0,14.95,60,3,1,0,0,1,0,0,0
0.4,2007,1,0,24.95,63,1,2,0,1,0,0,0,1
0.4,2007,1,0,16.95,43,1,2,0,1,0,0,0,1
0.4,2007,1,0,24.95,69,1,1,0,1,0,0,0,1
0.4,2007,0,0,14.95,60,1,1,0,1,0,0,0,0
0.39,2007,1,0,12.95,59,1,4,0,0,0,0,0,1
0.39,2007,0,0,17.95,71,1,2,1,1,0,0,0,1
0.39,2007,0,0,17.95,83,2,1,1,1,0,0,0,1
0.38,2007,0,0,14.95,65,2,2,1,0,0,0,0,1
0.38,2007,0,0,8.95,72,3,1,0,0,1,0,0,0
0.38,2007,1,0,12.95,72,3,1,1,0,1,0,0,0
0.38,2007,0,1,12.95,66,2,1,1,1,0,0,0,0
0.37,2007,1,0,17.95,81,1,7,1,1,0,0,0,1
0.37,2007,1,0,16.95,70,1,4,0,0,0,0,0,1
0.37,2007,1,0,12.95,73,1,2,1,1,0,0,0,1
0.37,2007,0,0,15.95,71,3,1,0,0,1,0,0,0
0.37,2007,0,0,17.95,88,3,1,0,0,1,0,0,0
0.36,2007,0,0,17.95,66,1,4,0,1,0,0,0,1
0.36,2007,1,0,9.95,77,1,2,1,1,0,0,0,1
0.36,2007,1,0,17.95,80,3,1,0,0,1,0,0,0
0.36,2007,0,0,12.95,51,2,1,0,1,0,0,0,1
0.36,2007,0,0,14.95,82,2,1,1,1,0,0,0,1
0.35,2007,1,0,17.95,84,1,4,1,1,0,0,0,1
0.35,2007,0,1,17.95,67,3,1,0,0,1,0,0,0
0.35,2007,0,0,19.95,53,1,1,1,0,0,0,0,0
0.35,2007,0,0,17.95,53,1,1,0,1,0,0,0,1
0.35,2007,1,0,24.95,82,2,1,1,0,0,0,0,0
0.35,2007,0,0,17.95,76,2,1,1,0,0,0,0,0
0.34,2007,1,0,16.95,65,1,4,0,1,0,0,0,1
0.34,2007,0,0,17.95,64,3,1,0,0,1,0,0,1
0.34,2007,1,0,19.95,73,1,1,1,0,0,0,0,1
0.33,2007,1,0,12.95,82,2,4,1,1,0,0,0,1
0.33,2007,1,0,17.95,67,1,2,1,1,0,0,0,1
0.33,2007,1,0,24.95,60,1,2,0,0,0,0,0,0
0.33,2007,1,0,17.95,72,1,2,1,0,0,0,0,1
0.33,2007,1,0,19.95,81,3,1,0,0,1,0,0,0
0.33,2007,1,0,14.95,72,3,1,0,0,1,0,0,0
0.33,2007,1,0,16.95,86,1,1,1,0,0,0,0,1
0.32,2007,0,0,14.95,62,1,2,0,1,0,0,0,1
0.32,2007,1,0,17.95,69,2,2,1,1,0,0,0,1
0.32,2007,0,0,17.95,54,1,1,0,1,0,0,0,1
0.32,2007,0,0,12.95,70,2,1,1,0,0,0,0,1
0.31,2007,1,0,17.95,74,1,4,0,0,0,0,0,0
0.31,2007,1,0,17.95,83,3,1,0,1,1,0,0,0
0.31,2007,0,0,11.95,60,3,1,0,0,1,0,0,1
0.31,2007,1,1,17.95,63,3,1,0,0,1,0,0,0
0.3,2007,0,0,17.95,85,1,4,1,1,0,0,0,1
0.3,2007,0,0,12.95,75,1,2,1,0,0,0,0,0
0.3,2007,1,0,9.95,77,1,2,1,1,0,0,0,1
0.3,2007,1,0,14.95,85,1,2,0,0,0,0,0,1
0.3,2007,1,0,14.95,69,1,2,1,0,0,0,0,0
0.3,2007,0,0,17.95,82,3,1,0,0,1,0,0,1
0.3,2007,1,0,14.95,73,3,1,0,1,1,0,0,1
0.29,2007,0,0,19.95,64,1,2,1,0,0,0,0,1
0.29,2007,1,0,17.95,65,2,2,0,0,0,0,0,1
0.29,2007,1,0,17.95,51,3,1,0,1,1,0,0,1
0.29,2007,0,1,14.95,69,3,1,0,0,1,0,0,0
0.29,2007,1,0,14.95,60,3,1,0,0,1,0,0,0
0.29,2007,0,0,17.95,49,1,1,0,1,0,0,0,0
0.29,2007,0,0,17.95,83,1,1,0,0,0,0,0,0
0.29,2007,1,0,17.95,62,2,1,1,0,0,0,0,1
0.28,2007,1,0,14.95,56,2,2,0,1,0,0,0,1
0.28,2007,1,0,16.95,70,3,1,0,1,1,0,0,1
0.28,2007,0,0,14.95,56,3,1,0,1,1,0,0,1
0.28,2007,1,0,9.95,82,3,1,0,1,1,0,0,1
0.28,2007,0,0,19.95,58,2,1,0,1,0,0,0,1
0.27,2007,1,0,17.95,60,2,2,0,1,0,0,0,1
0.27,2007,1,0,17.95,83,3,1,0,0,1,0,0,0
0.27,2007,1,0,17.95,81,3,1,0,0,1,0,0,0
0.27,2007,1,0,14.95,66,3,1,0,1,1,0,0,1
0.27,2007,1,0,16.95,65,3,1,1,1,1,0,0,0
0.27,2007,0,0,16.95,65,3,1,0,0,1,0,0,0
0.27,2007,1,0,17.95,60,1,1,0,1,0,0,0,1
0.27,2007,0,0,9.95,41,2,1,0,1,0,0,0,1
0.26,2007,1,0,14.95,75,2,4,1,0,0,0,0,1
0.26,2007,0,0,12.95,27,1,2,0,0,0,0,0,1
0.26,2007,1,0,16.95,57,1,2,0,1,0,0,0,1
0.26,2007,0,0,24.95,77,3,1,0,0,1,0,0,0
0.26,2007,1,1,24.95,80,3,1,0,0,1,0,0,0
0.26,2007,0,0,14.95,55,3,1,0,1,1,0,0,0
0.26,2007,1,0,34.95,78,1,1,0,0,0,0,0,0
0.26,2007,0,0,14.95,35,1,1,0,1,0,0,0,1
0.26,2007,1,0,19.95,62,1,1,0,0,0,0,0,1
0.25,2007,1,0,12.95,59,2,1,1,1,0,0,0,1
0.24,2007,1,0,19.95,80,1,4,0,1,0,0,0,1
0.24,2007,1,0,7.95,75,2,4,1,1,0,0,0,1
0.24,2007,1,0,7.95,74,1,2,1,1,0,0,0,1
0.24,2007,0,0,17.95,43,3,1,0,1,1,0,0,0
0.24,2007,0,0,17.95,52,3,1,1,1,1,0,0,1
0.23,2007,0,0,16.95,49,3,4,0,1,1,0,0,1
0.23,2007,1,0,16.95,57,1,2,0,1,0,0,0,1
0.23,2007,1,0,14.95,68,2,2,1,0,0,0,0,1
0.23,2007,1,0,13.95,72,3,1,0,1,1,0,0,1
0.23,2007,0,0,16.95,59,3,1,0,1,1,0,0,1
0.23,2007,1,0,16.95,85,3,1,1,0,1,0,0,0
0.22,2007,1,0,12.95,79,1,4,0,1,0,0,0,1
0.22,2007,0,0,16.95,56,2,4,0,1,0,0,0,1
0.22,2007,0,0,17.95,77,1,2,0,0,0,0,0,0
0.22,2007,0,0,14.95,78,3,1,0,0,1,0,0,0
0.22,2007,1,0,17.95,78,3,1,0,0,1,0,0,0
0.22,2007,1,0,14.95,79,3,1,1,1,1,0,0,1
0.22,2007,1,0,17.95,78,3,1,0,0,1,0,0,1
0.22,2007,1,0,16.95,68,2,1,0,1,0,0,0,1
0.22,2007,1,0,9.95,85,2,1,0,0,0,0,0,1
0.21,2007,1,0,16.95,80,3,2,1,0,1,0,0,0
0.21,2007,1,0,13.95,39,3,1,0,1,1,0,0,0
0.21,2007,0,0,19.95,87,3,1,0,0,1,0,0,0
0.21,2007,1,0,14.95,75,1,1,1,0,0,0,0,0
0.21,2007,0,0,17.95,73,2,1,1,0,0,0,0,0
0.2,2007,1,0,14.95,57,3,1,0,1,1,0,0,0
0.2,2007,1,0,16.95,56,3,1,0,0,1,0,0,0
0.2,2007,0,0,14.95,80,1,1,1,1,0,0,0,1
0.19,2007,1,0,29.95,46,1,4,0,0,0,0,0,0
0.19,2007,0,0,12.95,79,2,4,1,1,0,0,0,1
0.19,2007,1,0,17.95,65,2,2,1,0,0,0,0,1
0.19,2007,0,0,24.95,75,3,1,0,0,1,0,0,0
0.19,2007,0,0,16.95,60,3,1,0,0,1,0,0,1
0.19,2007,1,0,22.95,78,1,1,1,1,0,0,0,1
0.19,2007,0,0,14.95,27,1,1,0,1,0,0,0,1
0.19,2007,0,0,17.95,87,1,1,0,0,0,0,0,0
0.18,2007,0,0,17.95,43,2,4,0,1,0,0,0,0
0.18,2007,1,0,17.95,89,2,2,1,0,0,0,0,1
0.18,2007,0,0,16.95,82,3,1,0,0,1,0,0,0
0.18,2007,0,0,17.95,64,1,1,0,0,0,0,0,1
0.18,2007,0,0,17.95,72,1,1,1,0,0,0,0,0
0.18,2007,0,0,24.95,75,1,1,0,0,0,0,0,0
0.18,2007,1,0,17.95,71,1,1,0,0,0,0,0,1
0.18,2007,2,0,24.95,86,2,1,0,0,0,0,0,0
0.18,2007,2,0,13.95,63,2,1,1,0,0,0,0,0
0.17,2007,1,0,9.95,86,1,7,1,1,0,0,0,1
0.17,2007,1,0,7.95,67,2,4,1,1,0,0,0,0
0.17,2007,1,0,16.95,67,2,4,0,0,0,0,0,1
0.17,2007,1,0,14.95,56,2,4,1,0,0,0,0,0
0.17,2007,0,0,19.95,53,2,2,0,0,0,0,0,1
0.17,2007,0,0,24.95,70,3,1,1,0,1,0,0,0
0.17,2007,0,0,17.95,83,3,1,1,0,1,0,0,0
0.17,2007,1,0,17.95,67,1,1,0,1,0,0,0,1
0.16,2007,1,0,6.95,81,1,6,1,1,0,0,0,1
0.16,2007,0,0,22.95,80,1,4,1,1,0,0,0,0
0.16,2007,1,0,16.95,76,1,4,1,0,0,0,0,1
0.16,2007,1,0,24.95,71,1,4,0,1,0,0,0,1
0.16,2007,1,0,16.95,68,1,2,1,1,0,0,0,1
0.16,2007,1,0,16.95,52,1,2,0,0,0,0,0,0
0.16,2007,0,0,16.95,64,1,2,0,1,0,0,0,1
0.16,2007,0,0,16.95,50,3,1,0,0,1,0,0,0
0.16,2007,0,0,17.95,86,3,1,1,0,1,0,0,0
0.16,2007,0,0,17.95,83,1,1,1,1,0,0,0,1
0.16,2007,0,0,17.95,60,1,1,0,1,0,0,0,1
0.16,2007,1,0,13.95,50,2,1,1,0,0,0,0,0
0.15,2007,1,0,22.95,60,1,2,0,1,0,0,0,1
0.15,2007,1,0,14.95,55,1,2,0,1,0,0,0,1
0.15,2007,0,0,12.95,71,2,2,0,1,0,0,0,1
0.15,2007,1,0,22.95,55,2,2,0,1,0,0,0,1
0.15,2007,0,1,14.95,45,2,2,0,0,0,0,0,0
0.15,2007,0,0,17.95,72,3,1,0,0,1,0,0,0
0.15,2007,0,0,19.95,69,3,1,0,0,1,0,0,0
0.15,2007,0,1,17.95,87,3,1,1,0,1,0,0,0
0.15,2007,1,0,14.95,57,1,1,1,1,0,0,0,1
0.15,2007,1,0,16.95,65,1,1,0,0,0,0,0,0
0.15,2007,0,0,14.95,71,2,1,1,0,0,0,0,0
0.15,2007,1,0,9.95,81,2,1,0,1,0,0,0,1
0.15,2007,0,0,27.95,79,2,1,0,0,0,0,0,1
0.15,2007,1,0,14.95,55,2,1,1,0,0,0,0,0
0.15,2007,0,0,11.95,38,2,1,1,0,0,0,0,0
0.14,2007,1,0,9.95,73,1,6,1,1,0,0,0,1
0.14,2007,0,0,12.95,77,1,2,0,0,0,0,0,0
0.14,2007,1,0,17.95,58,2,2,0,1,0,0,0,1
0.14,2007,0,0,17.95,44,3,1,0,1,1,0,0,1
0.14,2007,0,0,17.95,69,1,1,0,1,0,0,0,1
0.14,2007,0,0,17.95,64,1,1,0,1,0,0,0,0
0.14,2007,0,1,22.95,77,1,1,0,1,0,0,0,0
0.14,2007,1,0,24.95,44,1,1,0,1,0,0,0,1
0.14,2007,1,0,14.95,52,1,1,0,1,0,0,0,1
0.14,2007,0,0,14.95,69,2,1,0,1,0,0,0,1
0.13,2007,1,0,17.95,59,1,2,0,1,0,0,0,1
0.12,2007,1,0,12.95,82,1,7,1,1,0,0,0,1
0.12,2007,1,0,9.95,63,1,4,1,1,0,0,0,0
0.12,2007,1,0,17.95,73,2,4,0,0,0,0,0,1
0.12,2007,0,1,14.95,79,3,1,0,0,1,0,0,1
0.12,2007,0,0,17.95,56,3,1,0,0,1,0,0,1
0.12,2007,0,0,17.95,77,3,1,0,0,1,0,0,0
0.12,2007,0,0,17.95,67,3,1,0,1,1,0,0,1
0.12,2007,0,0,12.95,51,1,1,0,1,0,0,0,1
0.12,2007,0,0,12.95,40,1,1,0,1,0,0,0,1
0.12,2007,0,0,22.95,71,1,1,0,1,0,0,0,0
0.12,2007,1,0,19.95,43,2,1,0,1,0,0,0,0
0.12,2007,1,0,6.95,71,2,1,0,0,0,0,0,1
0.11,2007,1,0,14.95,81,1,4,0,0,0,0,0,1
0.11,2007,0,1,16.95,80,1,2,0,0,0,0,0,1
0.11,2007,1,0,24.95,75,3,1,1,0,1,0,0,1
0.11,2007,1,0,17.95,28,3,1,0,1,1,0,0,1
0.11,2007,1,0,17.95,61,3,1,0,1,1,0,0,1
0.11,2007,1,0,14.95,61,3,1,0,0,1,0,0,1
0.11,2007,0,0,16.95,72,3,1,1,1,1,0,0,1
0.11,2007,0,0,17.95,76,3,1,0,1,1,0,0,0
0.11,2007,1,0,16.95,82,3,1,0,0,1,0,0,0
0.11,2007,0,0,16.95,70,1,1,1,0,0,0,0,1
0.11,2007,0,0,27.95,49,1,1,0,1,0,0,0,1
0.11,2007,1,0,17.95,73,2,1,1,0,0,0,0,0
0.11,2007,0,0,12.95,37,2,1,1,0,0,0,0,0
0.1,2007,1,0,14.95,47,1,4,0,1,0,0,0,1
0.1,2007,1,0,14.95,77,2,2,1,0,0,0,0,1
0.1,2007,0,0,17.95,60,3,1,0,0,1,0,0,1
0.1,2007,0,0,11.95,38,3,1,0,1,1,0,0,0
0.1,2007,0,0,16.95,71,3,1,0,0,1,0,0,0
0.1,2007,1,0,17.95,75,3,1,1,0,1,0,0,0
0.1,2007,0,0,16.95,61,3,1,0,1,1,0,0,0
0.1,2007,0,1,17.95,64,3,1,1,0,1,0,0,0
0.1,2007,1,0,17.95,55,3,1,0,0,1,0,0,1
0.1,2007,0,0,14.95,28,3,1,0,1,1,0,0,1
0.1,2007,1,0,16.95,52,3,1,1,1,1,0,0,1
0.1,2007,0,0,17.95,60,3,1,1,1,1,0,0,0
0.1,2007,0,0,44.95,58,1,1,0,0,0,0,0,1
0.09,2007,0,0,17.95,61,2,4,0,1,0,0,0,1
0.09,2007,0,0,17.95,59,3,2,0,1,1,0,0,0
0.09,2007,1,0,16.95,72,2,2,1,0,0,0,0,1
0.09,2007,0,0,24.95,46,3,1,0,1,1,0,0,0
0.09,2007,0,1,17.95,39,3,1,0,0,1,0,0,0
0.09,2007,1,0,22.95,57,3,1,0,1,1,0,0,1
0.09,2007,0,0,17.95,55,1,1,0,1,0,0,0,1
0.09,2007,1,0,14.95,50,1,1,1,0,0,0,0,0
0.09,2007,0,0,17.95,62,1,1,0,1,0,0,0,1
0.08,2007,1,0,9.95,74,1,7,1,1,0,0,0,1
0.08,2007,1,0,12.95,67,1,4,0,1,0,0,0,0
0.08,2007,1,0,14.95,45,2,4,0,1,0,0,0,1
0.08,2007,0,0,14.95,55,2,4,1,0,0,0,0,0
0.08,2007,1,0,14.95,76,2,4,1,0,0,0,0,1
0.08,2007,1,0,22.95,70,1,2,1,0,0,0,0,1
0.08,2007,0,0,16.95,55,3,1,0,0,1,0,0,0
0.08,2007,0,0,24.95,54,3,1,1,0,1,0,0,0
0.08,2007,1,0,14.95,67,3,1,0,0,1,0,0,0
0.08,2007,0,0,17.95,51,3,1,0,0,1,0,0,1
0.08,2007,0,0,16.95,51,3,1,0,0,1,0,0,0
0.08,2007,0,0,16.95,83,3,1,0,0,1,0,0,0
0.08,2007,0,0,17.95,58,3,1,0,1,1,0,0,1
0.08,2007,1,0,17.95,64,3,1,0,0,1,0,0,1
0.08,2007,1,0,17.95,80,3,1,0,1,1,0,0,1
0.08,2007,1,0,16.95,72,3,1,1,0,1,0,0,1
0.08,2007,1,0,24.95,59,1,1,0,1,0,0,0,0
0.08,2007,0,0,34.95,63,2,1,0,0,0,0,0,1
0.07,2007,0,0,17.95,40,2,4,0,1,0,0,0,1
0.07,2007,1,0,16.95,75,1,2,1,0,0,0,0,0
0.07,2007,1,0,12.95,47,3,1,0,0,1,0,0,0
0.07,2007,1,0,10.95,73,3,1,0,1,1,0,0,0
0.07,2007,0,0,16.95,51,3,1,0,1,1,0,0,0
0.07,2007,0,0,13.95,32,3,1,0,1,1,0,0,1
0.07,2007,0,0,17.95,65,3,1,0,0,1,0,0,0
0.07,2007,1,0,17.95,81,3,1,1,0,1,0,0,1
0.07,2007,1,0,12.95,51,3,1,1,0,1,0,0,1
0.07,2007,1,0,17.95,56,1,1,1,0,0,0,0,1
0.07,2007,0,0,17.95,58,1,1,0,1,0,0,0,0
0.07,2007,1,0,19.95,70,1,1,0,0,0,0,0,0
0.07,2007,0,0,19.95,48,2,1,0,1,0,0,0,1
0.07,2007,1,0,16.95,80,2,1,1,0,0,0,0,0
0.07,2007,0,0,17.95,46,2,1,0,1,0,0,0,0
0.06,2007,0,1,12.95,48,1,4,0,0,0,0,0,1
0.06,2007,1,0,17.95,52,2,4,1,0,0,0,0,0
0.06,2007,0,0,12.95,35,1,2,0,1,0,0,0,0
0.06,2007,1,0,24.95,66,3,1,0,0,1,0,0,0
0.06,2007,0,1,24.95,43,3,1,0,0,1,0,0,0
0.06,2007,1,0,14.95,56,3,1,0,0,1,0,0,0
0.06,2007,0,0,14.95,35,1,1,0,0,0,0,0,0
0.06,2007,1,0,17.95,66,2,1,1,0,0,0,0,0
0.05,2007,0,0,17.95,71,3,1,0,0,1,0,0,0
0.05,2007,0,0,17.95,67,3,1,0,0,1,0,0,0
0.05,2007,0,1,17.95,77,3,1,0,1,1,0,0,0
0.05,2007,1,1,23.95,73,3,1,0,0,1,0,0,0
0.05,2007,0,0,17.95,57,3,1,0,1,1,0,0,1
0.05,2007,1,0,16.95,73,3,1,0,0,1,0,0,1
0.05,2007,1,0,14.95,73,3,1,0,0,1,0,0,0
0.05,2007,0,0,16.95,26,1,1,0,1,0,0,0,1
0.05,2007,1,0,17.95,56,1,1,0,0,0,0,0,1
0.05,2007,1,0,19.95,74,2,1,0,1,0,0,0,1
0.04,2007,1,0,17.95,74,1,7,1,0,0,0,0,1
0.04,2007,1,0,17.95,80,3,4,1,0,1,0,0,1
0.04,2007,0,0,17.95,59,1,4,0,1,0,0,0,1
0.04,2007,1,0,12.95,39,1,4,0,1,0,0,0,1
0.04,2007,0,0,17.95,72,3,1,0,0,1,0,0,0
0.04,2007,0,1,17.95,50,3,1,0,0,1,0,0,0
0.04,2007,1,0,14.95,35,3,1,0,1,1,0,0,1
0.04,2007,0,0,7.95,33,3,1,0,1,1,0,0,0
0.04,2007,0,0,16.95,68,3,1,0,0,1,0,0,0
0.04,2007,0,0,12.95,49,3,1,0,1,1,0,0,1
0.04,2007,1,0,7.95,69,3,1,0,0,1,0,0,1
0.04,2007,0,0,12.95,50,3,1,0,0,1,0,0,0
0.04,2007,1,0,9.95,19,1,1,0,0,0,0,0,0
0.04,2007,0,0,17.95,65,1,1,0,1,0,0,0,1
0.04,2007,0,0,14.95,37,1,1,0,0,0,0,0,0
0.04,2007,0,0,14.95,66,1,1,0,0,0,0,0,0
0.04,2007,1,0,19.95,51,2,1,0,1,0,0,0,1
0.03,2007,0,0,6.95,72,2,4,1,1,0,0,0,1
0.03,2007,1,0,17.95,49,3,2,1,1,1,0,0,0
0.03,2007,1,0,7.95,75,3,2,1,1,1,0,0,0
0.03,2007,1,0,24.95,75,1,2,0,0,0,0,0,1
0.03,2007,0,1,16.95,61,3,1,1,0,1,0,0,0
0.03,2007,0,0,17.95,55,3,1,0,1,1,0,0,0
0.03,2007,0,0,11.95,63,3,1,0,1,1,0,0,0
0.03,2007,0,0,15.95,43,3,1,0,1,1,0,0,0
0.03,2007,1,0,14.95,56,3,1,0,0,1,0,0,0
0.03,2007,0,0,14.95,68,3,1,0,0,1,0,0,0
0.03,2007,0,0,16.95,73,3,1,0,0,1,0,0,0
0.03,2007,0,0,12.95,75,3,1,0,0,1,0,0,0
0.03,2007,1,0,17.95,57,3,1,1,0,1,0,0,0
0.03,2007,0,0,8.95,55,3,1,0,0,1,0,0,0
0.03,2007,1,0,17.95,58,3,1,0,0,1,0,0,0
0.03,2007,1,0,16.95,74,3,1,1,0,1,0,0,1
0.03,2007,0,0,17.95,52,1,1,0,1,0,0,0,1
0.02,2007,1,0,17.95,76,3,4,1,0,1,0,0,1
0.02,2007,0,0,9.95,19,1,2,0,1,0,0,0,1
0.02,2007,0,0,19.95,53,2,2,0,0,0,0,0,1
0.02,2007,0,0,12.95,38,3,1,0,0,1,0,0,0
0.02,2007,1,0,12.95,74,3,1,0,1,1,0,0,0
0.02,2007,0,0,9.95,39,3,1,0,0,1,0,0,0
0.02,2007,0,0,17.95,60,3,1,1,0,1,0,0,0
0.02,2007,0,0,24.95,56,3,1,1,0,1,0,0,0
0.02,2007,0,0,22.95,58,3,1,0,1,1,0,0,0
0.02,2007,1,0,14.95,69,3,1,0,0,1,0,0,0
0.02,2007,1,0,16.95,79,3,1,0,1,1,0,0,1
0.01,2007,1,0,14.95,80,2,4,1,1,0,0,0,1
0.01,2007,0,0,9.95,62,3,1,0,1,1,0,0,1
0.01,2007,0,0,17.95,72,3,1,0,0,1,0,0,0
0.01,2007,0,1,17.95,76,3,1,0,0,1,0,0,0
0.01,2007,1,0,17.95,58,3,1,0,0,1,0,0,0
0.01,2007,0,0,17.95,64,3,1,0,1,1,0,0,0
0.01,2007,0,0,17.95,70,3,1,0,0,1,0,0,0
0.01,2007,0,0,9.95,31,3,1,0,1,1,0,0,0
0.01,2007,0,0,13.95,43,3,1,0,1,1,0,0,0
0.01,2007,1,0,19.95,73,3,1,1,0,1,0,0,0
0.01,2007,0,1,19.95,65,3,1,1,0,1,0,0,0
0.01,2007,0,0,17.95,84,3,1,1,0,1,0,0,1
0.01,2007,1,0,19.95,68,3,1,0,1,1,0,0,1
0.01,2007,0,0,17.95,78,3,1,1,0,1,0,0,0
0.01,2007,1,0,14.95,71,3,1,1,1,1,0,0,1
0.01,2007,0,0,17.95,30,3,1,0,1,1,0,0,0
0.01,2007,1,0,24.95,59,1,1,0,0,0,0,0,1
12.39,2008,1,0,29.95,82,2,4,1,0,0,0,0,0
5.76,2008,1,0,24.95,98,3,1,1,0,0,0,0,1
5.71,2008,1,0,39.95,93,2,6,1,0,0,0,0,0
4.58,2008,1,0,29.95,84,3,4,1,0,0,0,0,1
3.91,2008,1,0,24.95,98,2,1,1,0,0,0,0,1
3.9,2008,1,0,24.95,93,3,2,1,0,0,0,0,0
2.86,2008,1,0,27.95,83,4,1,0,0,1,0,0,0
2.58,2008,1,0,22.95,94,2,1,1,0,0,0,0,0
2.55,2008,1,0,17.95,89,3,1,1,0,0,0,0,0
2.53,2008,1,0,29.95,85,2,4,1,0,0,0,0,1
2.47,2008,1,0,17.95,86,2,4,1,0,0,0,0,1
2.46,2008,0,0,24.95,95,2,4,1,0,0,0,0,0
2.44,2008,1,0,17.95,93,3,1,0,0,0,0,0,1
2.42,2008,0,0,9.95,77,3,2,0,1,0,0,0,1
2.39,2008,0,0,19.95,89,3,2,1,0,0,0,0,0
2.33,2008,1,0,14.95,83,3,4,1,1,0,0,0,1
2.22,2008,1,0,14.95,71,4,1,0,0,1,0,0,0
2.04,2008,0,0,9.95,75,3,4,0,1,0,0,0,1
1.85,2008,1,0,19.95,92,3,4,1,0,0,0,0,1
1.84,2008,0,0,9.95,67,3,4,1,0,0,0,0,1
1.78,2008,1,0,16.95,85,3,4,1,0,0,0,0,1
1.78,2008,1,0,29.95,73,2,1,1,0,0,0,0,0
1.74,2008,0,0,24.95,70,4,1,1,1,1,0,0,1
1.66,2008,1,0,14.95,85,2,4,1,1,0,0,0,1
1.64,2008,0,0,14.95,76,3,2,0,1,0,0,0,1
1.61,2008,1,0,16.95,82,3,2,1,1,0,0,0,1
1.6,2008,1,0,24.95,76,4,1,0,0,1,0,0,0
1.59,2008,0,0,16.95,73,3,1,0,1,0,0,0,1
1.54,2008,1,0,17.95,91,4,1,0,0,1,0,0,0
1.48,2008,1,0,17.95,90,2,1,0,0,0,0,0,1
1.43,2008,0,0,12.95,85,3,1,1,0,0,0,0,1
1.42,2008,0,0,16.95,78,2,2,0,1,0,0,0,1
1.4,2008,0,0,17.95,92,2,2,0,0,0,0,0,1
1.39,2008,0,0,17.95,72,4,1,0,1,1,0,0,1
1.39,2008,1,0,17.95,81,3,1,1,0,0,0,0,1
1.32,2008,0,0,17.95,74,2,2,0,1,0,0,0,1
1.17,2008,1,0,29.95,83,2,2,1,0,0,0,0,1
1.16,2008,0,0,17.95,50,2,4,0,0,0,0,0,0
1.15,2008,1,0,22.95,81,3,1,1,1,0,0,0,1
1.13,2008,1,0,24.95,76,2,2,1,1,0,0,0,1
1.12,2008,0,0,16.95,72,3,2,1,0,0,0,0,1
1.11,2008,1,0,24.95,87,2,2,1,0,0,0,0,0
1.11,2008,1,0,24.95,91,2,1,0,0,0,0,0,1
1.09,2008,1,0,22.95,82,2,1,0,1,0,0,0,1
1.09,2008,1,0,17.95,66,2,1,0,0,0,0,0,1
1.07,2008,1,0,12.95,84,3,1,0,0,0,0,0,1
1.04,2008,1,0,17.95,84,2,4,1,0,0,0,0,1
1.03,2008,1,0,14.95,73,2,1,1,0,0,0,0,1
1.01,2008,0,0,14.95,71,2,2,0,1,0,0,0,1
1.01,2008,1,0,17.95,87,2,1,1,0,0,0,0,0
0.99,2008,1,0,24.95,68,4,1,0,0,1,0,0,0
0.98,2008,1,0,24.95,72,3,2,0,1,0,0,0,1
0.97,2008,1,0,119.95,92,2,1,0,0,0,1,0,1
0.96,2008,0,0,16.95,67,2,4,0,0,0,0,0,0
0.96,2008,0,0,17.95,88,2,1,0,0,0,0,0,1
0.95,2008,1,0,14.95,78,2,1,0,1,0,0,0,0
0.92,2008,0,0,17.95,71,2,1,0,1,0,0,0,1
0.91,2008,1,0,9.95,70,3,2,1,0,0,0,0,1
0.91,2008,1,0,16.95,63,2,1,1,0,0,0,0,0
0.87,2008,1,0,19.95,85,3,2,1,0,0,0,0,1
0.83,2008,1,0,16.95,83,3,1,1,0,0,0,0,1
0.81,2008,1,0,17.95,82,2,1,1,0,0,0,0,1
0.8,2008,1,0,17.95,72,4,1,0,0,1,0,0,0
0.8,2008,1,0,17.95,84,3,1,0,0,0,0,0,1
0.76,2008,0,0,17.95,65,4,1,0,0,1,0,0,0
0.76,2008,0,0,17.95,84,2,1,1,0,0,0,0,1
0.75,2008,0,0,16.95,74,2,2,1,0,0,0,0,1
0.74,2008,1,0,17.95,73,2,4,0,0,0,0,0,0
0.74,2008,1,1,17.95,66,2,2,0,0,0,0,0,0
0.73,2008,1,0,19.95,85,3,1,1,0,0,0,0,1
0.72,2008,0,0,24.95,85,2,4,0,0,0,0,0,0
0.7,2008,0,0,14.95,65,4,1,0,0,1,0,0,0
0.68,2008,1,0,14.95,68,4,4,1,1,1,0,0,1
0.68,2008,1,0,14.95,83,3,4,1,1,0,0,0,1
0.67,2008,1,0,12.95,85,2,2,1,1,0,0,0,1
0.67,2008,1,0,24.95,81,2,2,1,1,0,0,0,1
0.66,2008,1,0,14.95,72,3,1,0,0,0,0,0,1
0.66,2008,1,0,17.95,64,3,1,1,1,0,0,0,1
0.65,2008,1,0,14.95,70,2,2,1,0,0,0,0,1
0.65,2008,1,0,22.95,85,2,2,1,0,0,0,0,1
0.65,2008,0,0,24.95,86,2,1,0,0,0,0,0,0
0.62,2008,1,0,34.95,65,2,1,0,0,0,0,0,0
0.6,2008,1,0,17.95,68,4,1,0,0,1,0,0,0
0.59,2008,1,0,17.95,59,2,1,1,1,0,0,0,1
0.59,2008,1,0,19.95,78,2,1,0,0,0,0,0,0
0.59,2008,1,0,17.95,79,3,1,0,0,0,0,0,1
0.58,2008,1,0,14.95,82,2,7,1,1,0,0,0,1
0.58,2008,1,0,14.95,64,3,1,0,1,0,0,0,1
0.56,2008,1,0,14.95,81,2,4,1,1,0,0,0,1
0.56,2008,0,0,17.95,71,4,1,0,1,1,0,0,1
0.56,2008,1,0,19.95,84,2,1,1,0,0,0,0,1
0.56,2008,0,0,16.95,77,3,1,1,1,0,0,0,1
0.54,2008,0,0,17.95,73,4,1,0,1,1,0,0,1
0.53,2008,0,0,17.95,94,2,1,0,0,0,0,0,1
0.53,2008,0,1,17.95,80,3,1,0,0,0,0,0,1
0.53,2008,1,1,16.95,81,3,1,0,0,0,0,0,1
0.52,2008,0,0,16.95,70,2,4,0,1,0,0,0,1
0.52,2008,1,0,17.95,74,4,1,0,0,1,0,0,0
0.52,2008,1,0,16.95,79,4,1,0,0,1,0,0,0
0.51,2008,1,0,19.95,87,3,4,1,1,0,0,0,1
0.51,2008,0,1,17.95,92,4,2,0,0,1,0,0,0
0.51,2008,1,0,14.95,38,4,1,0,1,1,0,0,0
0.51,2008,1,0,17.95,76,3,1,0,0,0,0,0,1
0.5,2008,0,0,39.95,70,2,4,0,0,0,0,0,0
0.5,2008,0,0,24.95,75,4,1,0,0,1,0,0,0
0.5,2008,0,0,14.95,79,3,1,0,0,0,0,0,1
0.49,2008,1,0,22.95,87,2,7,1,1,0,0,0,1
0.49,2008,0,0,12.95,55,2,2,1,0,0,0,0,0
0.49,2008,0,0,17.95,79,4,1,1,0,1,0,0,0
0.49,2008,1,0,24.95,84,3,1,1,0,0,0,0,1
0.48,2008,0,0,17.95,51,2,4,0,1,0,0,0,1
0.48,2008,1,1,17.95,85,2,1,0,0,0,0,0,1
0.48,2008,1,0,14.95,88,3,1,0,0,0,0,0,1
0.47,2008,1,0,17.95,76,3,1,1,0,0,0,0,1
0.47,2008,0,0,14.95,60,3,1,1,1,0,0,0,1
0.47,2008,1,0,14.95,69,3,1,1,1,0,0,0,1
0.46,2008,0,0,16.95,44,4,1,0,1,1,0,0,1
0.46,2008,1,0,16.95,47,2,1,0,0,0,0,0,0
0.46,2008,1,0,16.95,79,2,1,0,0,0,0,0,1
0.45,2008,0,0,16.95,82,2,4,0,0,0,0,0,0
0.45,2008,1,0,16.95,56,2,4,0,0,0,0,0,1
0.45,2008,0,0,24.95,83,4,1,0,0,1,0,0,0
0.44,2008,0,0,16.95,44,2,4,0,0,0,0,0,0
0.44,2008,1,0,17.95,75,2,1,0,0,0,0,0,1
0.43,2008,1,0,17.95,86,4,4,1,0,1,0,0,0
0.43,2008,0,0,17.95,75,2,2,0,1,0,0,0,1
0.43,2008,1,0,19.95,85,2,1,1,0,0,0,0,1
0.42,2008,1,0,24.95,65,4,1,0,0,1,0,0,0
0.42,2008,1,0,19.95,76,2,1,1,0,0,0,0,1
0.42,2008,1,0,17.95,54,2,1,0,0,0,0,0,1
0.41,2008,0,0,17.95,82,2,1,0,1,0,0,0,1
0.41,2008,1,0,17.95,60,3,1,0,0,0,0,0,1
0.4,2008,0,1,12.95,68,2,2,0,0,0,0,0,0
0.4,2008,1,0,16.95,72,4,1,0,0,1,0,0,1
0.39,2008,0,1,17.95,90,2,1,0,0,0,0,0,1
0.38,2008,0,0,17.95,77,2,2,0,1,0,0,0,1
0.38,2008,1,0,17.95,49,2,1,0,1,0,0,0,1
0.37,2008,1,0,29.95,82,2,4,1,0,0,0,0,0
0.37,2008,1,0,19.95,84,3,4,1,1,0,0,0,1
0.37,2008,1,0,24.95,67,2,1,0,0,0,0,0,1
0.36,2008,1,0,19.95,82,2,4,1,1,0,0,0,1
0.36,2008,0,1,17.95,80,4,1,0,0,1,0,0,1
0.36,2008,0,0,17.95,83,2,1,1,0,0,0,0,1
0.36,2008,1,0,16.95,67,2,1,1,1,0,0,0,1
0.36,2008,1,0,17.95,70,2,1,0,0,0,0,0,1
0.36,2008,1,0,19.95,68,3,1,0,1,0,0,0,0
0.35,2008,0,0,14.95,75,3,1,1,0,0,0,0,0
0.35,2008,0,0,19.95,87,3,1,1,1,0,0,0,1
0.35,2008,0,0,14.95,65,3,1,1,0,0,0,0,0
0.34,2008,0,0,16.95,69,2,2,0,1,0,0,0,1
0.34,2008,0,0,17.95,76,4,1,0,1,1,0,0,1
0.34,2008,0,1,17.95,59,2,1,0,0,0,0,0,0
0.33,2008,1,0,16.95,63,2,2,0,1,0,0,0,1
0.33,2008,0,0,14.95,56,4,1,0,0,1,0,0,1
0.33,2008,1,0,17.95,50,4,1,0,1,1,0,0,0
0.33,2008,1,0,14.95,83,4,1,0,1,1,0,0,1
0.33,2008,0,0,17.95,42,2,1,0,1,0,0,0,1
0.32,2008,1,0,17.95,55,4,1,0,1,1,0,0,1
0.31,2008,0,0,24.95,87,2,1,1,1,0,0,0,1
0.31,2008,1,0,19.95,88,2,1,0,1,0,0,0,1
0.31,2008,1,0,17.95,79,3,1,1,0,0,0,0,0
0.3,2008,1,0,34.95,81,2,4,1,0,0,0,0,0
0.3,2008,1,0,17.95,79,4,1,0,0,1,0,0,0
0.3,2008,0,1,17.95,69,4,1,0,0,1,0,0,1
0.3,2008,0,0,17.95,86,4,1,0,0,1,0,0,0
0.3,2008,0,0,15.95,63,2,1,0,1,0,0,0,1
0.3,2008,0,0,17.95,44,2,1,0,1,0,0,0,1
0.29,2008,0,0,14.95,65,4,1,0,0,1,0,0,1
0.29,2008,0,0,16.95,67,2,1,1,0,0,0,0,1
0.29,2008,0,0,14.95,79,2,1,0,0,0,0,0,1
0.29,2008,0,0,16.95,46,2,1,0,0,0,0,0,1
0.29,2008,1,0,14.95,80,3,1,1,0,0,0,0,1
0.28,2008,1,0,14.95,80,2,8,1,0,0,1,0,0
0.28,2008,0,0,12.95,71,2,4,0,0,0,0,0,1
0.28,2008,0,0,16.95,55,3,4,0,0,0,1,0,0
0.28,2008,0,0,17.95,75,4,1,0,1,1,0,0,1
0.28,2008,1,0,17.95,82,4,1,0,0,1,0,0,0
0.28,2008,0,0,17.95,76,2,1,1,1,0,0,0,1
0.28,2008,0,0,17.95,45,3,1,0,1,0,0,0,1
0.27,2008,1,0,27.95,54,2,4,0,1,0,0,0,0
0.27,2008,1,0,16.95,76,3,4,1,1,0,0,0,0
0.27,2008,0,0,14.95,50,3,4,0,1,0,0,0,1
0.27,2008,1,0,11.95,70,4,1,0,0,1,0,0,0
0.27,2008,1,0,16.95,59,4,1,0,1,1,0,0,1
0.27,2008,1,0,15.95,72,2,1,1,0,0,0,0,1
0.27,2008,0,0,17.95,68,3,1,0,0,0,0,0,0
0.26,2008,1,0,14.95,62,3,4,1,1,0,0,0,0
0.26,2008,0,0,14.95,69,3,1,1,0,0,0,0,1
0.25,2008,1,0,14.95,76,2,6,0,1,0,0,0,0
0.25,2008,1,0,19.95,81,4,1,0,0,1,0,0,0
0.25,2008,0,0,17.95,70,4,1,0,1,1,0,0,1
0.25,2008,1,0,27.95,79,3,1,0,0,0,0,0,0
0.24,2008,1,0,17.95,70,2,8,0,1,0,0,0,1
0.24,2008,1,0,17.95,72,3,2,1,1,0,0,0,1
0.24,2008,1,0,24.95,78,4,1,0,0,1,0,0,0
0.24,2008,1,0,17.95,57,4,1,0,0,1,0,0,0
0.24,2008,1,0,24.95,85,4,1,1,0,1,0,0,0
0.24,2008,1,0,17.95,55,4,1,0,0,1,0,0,0
0.24,2008,1,0,16.95,55,4,1,0,0,1,0,0,0
0.24,2008,0,0,16.95,60,2,1,1,0,0,0,0,1
0.24,2008,0,1,17.95,63,3,1,1,0,0,0,0,0
0.24,2008,1,0,19.95,69,3,1,1,1,0,0,0,1
0.24,2008,0,0,7.95,43,3,1,1,0,0,0,0,1
0.23,2008,1,0,19.95,56,2,4,0,0,0,0,0,0
0.23,2008,1,0,17.95,84,4,2,0,1,1,0,0,1
0.23,2008,1,0,14.95,82,3,2,1,0,0,0,0,1
0.23,2008,1,0,15.95,46,4,1,0,1,1,0,0,0
0.23,2008,0,0,16.95,63,4,1,0,1,1,0,0,1
0.23,2008,0,0,14.95,72,2,1,1,0,0,0,0,1
0.23,2008,0,0,14.95,66,3,1,0,0,0,0,0,0
0.22,2008,1,0,19.95,71,2,2,1,1,0,0,0,1
0.22,2008,1,0,22.95,65,2,1,1,1,0,0,0,1
0.22,2008,0,0,7.95,42,2,1,1,0,0,0,0,1
0.22,2008,1,0,26.95,67,2,1,0,0,0,0,0,0
0.22,2008,1,0,24.95,70,2,1,0,1,0,0,0,1
0.22,2008,1,0,24.95,60,3,1,0,0,0,0,0,1
0.22,2008,0,0,17.95,55,3,1,0,0,0,0,0,1
0.22,2008,1,0,17.95,70,3,1,0,0,0,0,0,1
0.21,2008,0,0,12.95,64,2,4,1,1,0,0,0,1
0.21,2008,0,0,16.95,55,2,1,0,0,0,0,0,0
0.21,2008,0,0,19.95,76,2,1,0,1,0,0,0,1
0.21,2008,0,0,13.95,72,3,1,1,0,0,0,0,1
0.2,2008,1,0,24.95,68,2,4,0,0,0,0,0,0
0.2,2008,1,0,24.95,74,4,1,0,0,1,0,0,0
0.2,2008,1,0,24.95,67,2,1,0,1,0,0,0,0
0.19,2008,0,0,17.95,65,2,4,0,0,0,0,0,0
0.19,2008,2,0,14.95,63,3,4,0,0,0,0,0,1
0.19,2008,1,0,10.95,54,4,1,0,1,1,0,0,1
0.19,2008,1,0,14.95,82,4,1,0,0,1,0,0,0
0.19,2008,2,0,14.95,60,2,1,0,0,0,0,0,1
0.18,2008,1,0,23.95,69,2,4,0,0,0,0,0,0
0.18,2008,0,0,16.95,75,2,4,1,0,0,0,0,0
0.18,2008,1,0,24.95,59,2,2,0,0,0,0,0,1
0.18,2008,0,0,19.95,34,4,1,0,0,1,0,0,0
0.18,2008,0,0,17.95,76,2,1,0,0,0,0,0,0
0.17,2008,1,0,9.95,55,3,4,1,1,0,0,0,1
0.17,2008,1,0,17.95,78,4,1,0,0,1,0,0,0
0.17,2008,1,0,11.95,85,4,1,1,0,1,0,0,0
0.17,2008,0,1,17.95,74,4,1,0,0,1,0,0,0
0.17,2008,0,0,16.95,54,2,1,0,1,0,0,0,1
0.16,2008,1,0,24.95,75,2,4,1,0,0,0,0,0
0.16,2008,0,1,17.95,83,2,2,0,0,0,0,0,1
0.16,2008,0,0,16.95,62,2,2,0,1,0,0,0,1
0.16,2008,1,0,24.95,60,3,2,0,0,0,0,0,1
0.16,2008,0,0,12.95,54,3,2,1,0,0,0,0,1
0.16,2008,1,0,12.95,83,4,1,0,0,1,0,0,0
0.16,2008,0,0,12.95,71,4,1,0,1,1,0,0,0
0.16,2008,1,0,14.95,82,2,1,1,0,0,0,0,1
0.16,2008,1,0,17.95,71,2,1,0,0,0,0,0,1
0.16,2008,1,0,14.95,77,3,1,1,0,0,0,0,0
0.16,2008,0,0,14.95,68,3,1,0,0,0,0,0,0
0.15,2008,1,0,14.95,60,3,4,1,1,0,0,0,0
0.15,2008,0,0,14.95,56,3,2,1,1,0,0,0,0
0.15,2008,1,0,12.95,73,4,1,1,0,1,0,0,1
0.15,2008,0,0,17.95,71,2,1,1,1,0,0,0,0
0.15,2008,1,0,17.95,75,3,1,1,0,0,0,0,0
0.15,2008,0,0,17.95,55,3,1,0,1,0,0,0,1
0.15,2008,1,0,14.95,69,3,1,0,0,0,0,0,1
0.14,2008,0,0,24.95,80,2,2,0,0,0,0,0,1
0.14,2008,1,0,17.95,82,3,2,1,0,0,0,0,0
0.14,2008,1,0,9.95,74,4,1,0,0,1,0,0,0
0.14,2008,0,0,16.95,65,2,1,0,0,0,0,0,0
0.14,2008,0,0,14.95,52,2,1,0,1,0,0,0,1
0.14,2008,0,0,14.95,43,2,1,0,1,0,0,0,1
0.14,2008,1,0,17.95,70,2,1,0,0,0,0,0,0
0.13,2008,0,0,14.95,76,3,4,1,0,0,0,0,1
0.13,2008,0,1,17.95,68,4,2,1,0,1,0,0,1
0.13,2008,0,0,22.95,61,2,2,0,0,0,0,0,0
0.13,2008,1,0,14.95,56,3,2,1,1,0,0,0,1
0.13,2008,1,0,17.95,58,4,1,0,0,1,0,0,0
0.13,2008,1,0,19.95,42,3,1,0,1,0,0,0,0
0.13,2008,0,0,17.95,52,3,1,1,0,0,0,0,0
0.13,2008,0,0,14.95,63,3,1,1,0,0,0,0,1
0.12,2008,0,0,39.95,71,3,6,0,0,0,1,0,0
0.12,2008,1,0,19.95,57,2,4,0,0,0,0,0,0
0.12,2008,0,0,14.95,49,2,4,1,0,0,0,0,0
0.12,2008,0,0,17.95,75,3,4,1,0,0,0,0,0
0.12,2008,0,0,14.95,53,2,2,1,0,0,0,0,1
0.12,2008,1,0,22.95,83,2,2,0,1,0,0,0,1
0.12,2008,0,0,17.95,72,2,2,0,0,0,0,0,0
0.12,2008,1,1,29.95,84,4,1,0,0,1,0,0,0
0.12,2008,0,0,19.95,80,4,1,0,1,1,0,0,0
0.12,2008,0,0,19.95,65,4,1,0,0,1,0,0,0
0.12,2008,0,0,17.95,72,2,1,0,0,0,0,0,1
0.12,2008,0,1,14.95,58,3,1,0,0,0,0,0,1
0.11,2008,1,0,14.95,63,2,4,1,1,0,0,0,0
0.11,2008,0,0,16.95,67,2,4,1,0,0,0,0,1
0.11,2008,0,0,16.95,65,3,4,1,1,0,0,0,1
0.11,2008,1,0,17.95,53,2,2,0,0,0,0,0,0
0.11,2008,0,1,16.95,85,4,1,1,0,1,0,0,1
0.11,2008,0,0,14.95,69,4,1,0,0,1,0,0,0
0.1,2008,0,0,14.95,72,2,4,1,0,0,0,0,1
0.1,2008,0,0,24.95,58,2,4,0,1,0,0,0,1
0.1,2008,1,0,14.95,54,2,4,1,1,0,0,0,1
0.1,2008,0,0,16.95,54,2,4,0,0,0,0,0,0
0.1,2008,0,0,19.95,62,3,4,0,1,0,0,0,1
0.1,2008,2,0,17.95,70,3,4,0,0,0,0,0,0
0.1,2008,1,0,22.95,70,3,3,0,1,0,1,0,1
0.1,2008,1,0,17.95,83,2,2,0,0,0,0,0,1
0.1,2008,0,0,27.95,71,4,1,0,0,1,0,0,0
0.1,2008,0,1,24.95,82,4,1,0,0,1,0,0,0
0.1,2008,0,0,13.95,60,4,1,0,0,1,0,0,0
0.1,2008,1,0,17.95,59,4,1,0,0,1,0,0,0
0.1,2008,0,0,23.95,52,4,1,0,0,1,0,0,1
0.1,2008,0,0,47.95,63,2,1,0,0,0,0,0,0
0.1,2008,1,0,14.95,64,2,1,1,1,0,0,0,0
0.1,2008,1,0,14.95,70,2,1,0,1,0,0,0,1
0.1,2008,1,0,17.95,45,2,1,0,1,0,0,0,0
0.1,2008,1,0,16.95,53,2,1,0,0,0,0,0,0
0.1,2008,1,0,16.95,68,3,1,1,1,0,0,0,1
0.1,2008,1,0,12.95,67,3,1,1,1,0,0,0,0
0.1,2008,0,0,12.95,49,3,1,0,1,0,0,0,1
0.09,2008,1,0,17.95,78,4,4,1,1,1,0,0,1
0.09,2008,0,0,17.95,61,2,4,1,1,0,0,0,1
0.09,2008,0,0,14.95,45,2,4,1,1,0,0,0,1
0.09,2008,0,0,17.95,51,2,4,0,1,0,0,0,0
0.09,2008,0,0,14.95,49,2,4,0,0,0,0,0,1
0.09,2008,0,0,12.95,52,3,4,1,0,0,0,0,0
0.09,2008,1,0,19.95,78,3,4,1,1,0,0,0,0
0.09,2008,1,0,14.95,62,2,2,1,0,0,0,0,1
0.09,2008,1,0,16.95,47,2,2,1,1,0,0,0,1
0.09,2008,0,0,17.95,49,2,2,1,0,0,0,0,0
0.09,2008,1,0,17.95,71,2,2,0,0,0,0,0,1
0.09,2008,1,0,32.95,63,3,2,0,0,0,0,0,0
0.09,2008,1,0,17.95,70,4,1,0,0,1,0,0,0
0.09,2008,0,0,15.95,77,4,1,0,1,1,0,0,1
0.09,2008,0,0,15.95,66,4,1,1,0,1,0,0,0
0.09,2008,1,0,19.95,79,4,1,0,0,1,0,0,0
0.09,2008,1,0,16.95,69,2,1,0,0,0,0,0,0
0.09,2008,0,0,14.95,62,2,1,1,0,0,0,0,1
0.09,2008,0,1,14.95,39,2,1,0,0,0,0,0,1
0.09,2008,1,0,17.95,76,2,1,1,0,0,0,0,0
0.09,2008,1,1,17.95,70,2,1,0,0,0,0,0,1
0.09,2008,1,0,17.95,77,2,1,0,0,0,0,0,0
0.09,2008,1,0,17.95,53,2,1,0,0,0,0,0,0
0.08,2008,0,0,14.95,58,2,2,0,0,0,0,0,0
0.08,2008,1,0,14.95,44,3,2,1,1,0,0,0,1
0.08,2008,1,0,15.95,78,4,1,0,1,1,0,0,0
0.08,2008,0,0,12.95,54,4,1,0,0,1,0,0,1
0.08,2008,1,0,17.95,71,4,1,0,0,1,0,0,0
0.08,2008,1,0,24.95,75,2,1,0,1,0,0,0,0
0.07,2008,1,0,17.95,79,2,7,1,1,0,0,0,1
0.07,2008,0,0,14.95,78,2,4,0,0,0,0,0,0
0.07,2008,1,0,14.95,63,3,4,1,1,0,0,0,1
0.07,2008,1,0,12.95,68,3,2,1,0,0,0,0,1
0.07,2008,0,0,14.95,57,3,2,0,1,0,0,0,0
0.07,2008,0,0,14.95,59,3,2,0,1,0,0,0,1
0.07,2008,0,0,17.95,52,4,1,0,0,1,0,0,0
0.07,2008,1,0,24.95,82,4,1,0,0,1,0,0,0
0.07,2008,0,0,14.95,64,4,1,0,0,1,0,0,1
0.07,2008,1,0,8.95,59,4,1,0,0,1,0,0,1
0.07,2008,1,1,17.95,61,4,1,0,0,1,0,0,1
0.07,2008,0,0,17.95,33,2,1,0,0,0,0,0,0
0.07,2008,0,0,16.95,60,2,1,0,0,0,0,0,0
0.07,2008,0,0,17.95,47,3,1,1,0,0,0,0,0
0.07,2008,0,0,14.95,66,3,1,1,0,0,0,0,0
0.06,2008,1,0,14.95,55,3,4,1,0,0,0,0,1
0.06,2008,1,0,14.95,51,4,1,0,1,1,0,0,0
0.06,2008,0,0,29.95,76,4,1,0,0,1,0,0,0
0.06,2008,0,0,14.95,80,4,1,0,0,1,0,0,0
0.06,2008,0,0,14.95,63,4,1,0,0,1,0,0,0
0.06,2008,0,0,14.95,82,4,1,0,0,1,0,0,1
0.06,2008,0,0,14.95,71,4,1,0,0,1,0,0,1
0.06,2008,0,0,22.95,72,4,1,0,0,1,0,0,0
0.06,2008,0,0,7.95,48,4,1,0,1,1,0,0,0
0.06,2008,0,0,12.95,60,4,1,0,1,1,0,0,1
0.06,2008,0,0,24.95,73,4,1,0,0,1,0,0,0
0.06,2008,0,0,17.95,64,4,1,0,0,1,0,0,0
0.06,2008,1,0,17.95,63,2,1,0,1,0,0,0,1
0.06,2008,1,0,17.95,65,2,1,0,1,0,0,0,1
0.06,2008,0,0,14.95,60,2,1,0,1,0,0,0,0
0.06,2008,0,0,17.95,70,2,1,0,0,0,0,0,0
0.06,2008,1,0,14.95,65,2,1,0,1,0,0,0,1
0.06,2008,0,0,19.95,55,3,1,1,1,0,0,0,0
0.05,2008,0,0,17.95,51,2,4,1,0,0,0,0,0
0.05,2008,1,0,17.95,64,2,4,0,0,0,0,0,0
0.05,2008,1,0,14.95,80,3,4,1,1,0,0,0,1
0.05,2008,1,0,17.95,72,2,2,1,0,0,0,0,0
0.05,2008,1,0,16.95,37,2,2,0,1,0,1,0,0
0.05,2008,0,1,17.95,73,2,2,0,0,0,0,0,0
0.05,2008,0,0,22.95,71,3,2,1,0,0,0,0,0
0.05,2008,0,0,14.95,83,4,1,0,0,1,0,0,0
0.05,2008,0,0,17.95,60,4,1,0,0,1,0,0,0
0.05,2008,0,0,19.95,60,4,1,0,0,1,0,0,0
0.05,2008,0,0,12.95,44,4,1,0,1,1,0,0,0
0.05,2008,0,1,14.95,73,4,1,0,0,1,0,0,0
0.05,2008,0,0,14.95,78,4,1,0,0,1,0,0,0
0.05,2008,0,0,23.95,59,4,1,0,0,1,0,0,0
0.05,2008,0,0,17.95,66,4,1,0,0,1,0,0,0
0.05,2008,0,0,14.95,75,4,1,0,0,1,0,0,0
0.05,2008,1,0,12.95,47,4,1,1,1,1,0,0,1
0.05,2008,0,0,14.95,62,4,1,0,1,1,0,0,1
0.05,2008,1,0,23.95,72,4,1,0,0,1,0,0,1
0.05,2008,0,1,16.95,84,4,1,0,0,1,0,0,1
0.05,2008,1,0,29.95,62,2,1,0,0,0,0,0,1
0.05,2008,0,0,19.95,50,2,1,0,0,0,0,0,0
0.05,2008,1,0,17.95,46,2,1,0,1,0,0,0,0
0.05,2008,0,0,17.95,50,2,1,0,1,0,0,0,0
0.05,2008,1,0,24.95,64,3,1,1,0,0,0,0,1
0.04,2008,0,0,17.95,63,4,1,0,0,1,0,0,0
0.04,2008,0,0,24.95,69,4,1,0,0,1,0,0,0
0.04,2008,0,0,23.95,54,4,1,0,0,1,0,0,0
0.04,2008,0,0,12.95,55,4,1,0,0,1,0,0,0
0.04,2008,1,0,17.95,65,4,1,0,0,1,0,0,0
0.04,2008,0,0,13.95,67,4,1,0,1,1,0,0,0
0.04,2008,1,0,12.95,75,4,1,0,0,1,0,0,0
0.04,2008,1,0,14.95,42,4,1,1,1,1,0,0,1
0.04,2008,0,0,12.95,74,4,1,0,0,1,0,0,1
0.04,2008,1,0,19.95,68,4,1,1,1,1,0,0,1
0.04,2008,0,0,24.95,30,2,1,0,0,0,0,0,0
0.04,2008,0,0,19.95,50,2,1,0,0,0,0,0,1
0.04,2008,0,0,22.95,56,2,1,0,0,0,0,0,0
0.04,2008,0,0,17.95,56,3,1,1,0,0,0,0,0
0.03,2008,0,0,16.95,52,3,4,1,0,0,0,0,1
0.03,2008,1,0,11.95,58,4,1,0,0,1,0,0,1
0.03,2008,0,0,14.95,43,4,1,0,0,1,0,0,0
0.03,2008,1,0,14.95,70,4,1,0,0,1,0,0,0
0.03,2008,0,0,12.95,67,4,1,0,0,1,0,0,0
0.03,2008,0,0,17.95,71,4,1,0,0,1,0,0,1
0.03,2008,0,0,12.95,31,4,1,0,0,1,0,0,0
0.03,2008,0,0,14.95,77,4,1,0,0,1,0,0,0
0.03,2008,0,0,17.95,62,4,1,1,0,1,0,0,0
0.03,2008,0,0,15.95,51,2,1,0,0,0,0,0,1
0.02,2008,0,0,8.95,40,2,4,0,0,0,0,0,0
0.02,2008,0,0,17.95,64,2,2,0,0,0,0,0,1
0.02,2008,0,0,17.95,39,4,1,0,0,1,0,0,0
0.02,2008,0,0,16.95,64,4,1,0,0,1,0,0,0
0.02,2008,0,0,24.95,74,4,1,0,0,1,0,0,0
0.02,2008,0,0,11.95,55,4,1,0,0,1,0,0,0
0.02,2008,0,0,17.95,47,4,1,0,0,1,0,0,0
0.02,2008,0,0,9.95,67,4,1,0,0,1,0,0,0
0.02,2008,0,0,24.95,64,4,1,0,0,1,0,0,0
0.02,2008,0,0,14.95,79,4,1,1,0,1,0,0,1
0.02,2008,0,0,14.95,62,4,1,0,0,1,0,0,1
0.02,2008,0,0,19.95,57,2,1,0,0,0,0,0,0
0.02,2008,0,0,16.95,35,2,1,0,1,0,0,0,1
0.02,2008,1,0,7.95,62,2,1,0,0,0,0,0,1
0.02,2008,1,0,24.95,51,2,1,0,1,0,0,0,1
0.02,2008,0,0,47.95,54,3,1,0,0,0,0,0,0
0.01,2008,0,0,17.95,56,4,4,1,0,1,0,0,0
0.01,2008,0,0,14.95,48,3,4,0,0,0,0,0,0
0.01,2008,0,0,14.95,65,4,1,0,0,1,0,0,0
0.01,2008,0,0,9.95,43,4,1,0,1,1,0,0,0
0.01,2008,0,0,24.95,40,2,1,0,0,0,0,0,0
13.87,2009,1,0,39.95,80,3,4,0,0,0,0,0,0
11.35,2009,1,0,39.95,87,3,4,0,0,0,0,0,1
9.06,2009,1,0,17.95,80,3,1,0,0,0,0,0,0
8.61,2009,1,0,47.95,94,4,4,1,0,0,0,0,1
4.95,2009,1,0,49.95,94,3,4,1,0,0,0,0,1
4.36,2009,1,0,32.95,83,4,4,1,0,0,0,0,0
3.72,2009,1,1,32.95,87,5,1,0,0,1,0,0,0
3.72,2009,1,1,34.95,87,5,1,0,0,1,0,0,0
2.81,2009,1,0,29.95,90,4,1,0,0,0,0,0,1
2.79,2009,1,0,39.95,92,4,2,1,0,0,0,0,0
2.47,2009,1,0,44.95,96,3,1,1,0,0,0,0,0
2.41,2009,1,0,27.95,89,4,1,1,0,0,0,0,0
2.18,2009,1,0,29.95,91,3,1,0,0,0,0,0,1
2.16,2009,0,0,39.95,81,3,2,0,0,0,0,0,0
2.03,2009,1,0,29.95,90,5,1,0,0,1,0,0,0
1.89,2009,1,0,22.95,85,4,2,1,0,0,0,0,1
1.86,2009,0,1,27.95,91,3,1,0,0,0,0,0,0
1.82,2009,0,0,34.95,84,4,2,1,0,0,0,0,1
1.62,2009,1,0,24.95,86,3,2,1,0,0,0,0,1
1.58,2009,0,0,37.95,86,4,1,0,0,0,0,0,0
1.5,2009,1,0,19.95,83,4,2,1,1,0,0,0,1
1.46,2009,0,0,32.95,91,3,1,0,1,0,0,0,1
1.44,2009,1,0,44.95,83,3,1,0,0,0,0,0,1
1.38,2009,0,0,24.95,79,5,1,0,0,1,0,0,0
1.38,2009,1,0,22.95,91,3,1,1,0,0,0,0,0
1.29,2009,1,0,24.95,87,5,1,0,0,1,0,0,0
1.26,2009,0,0,29.95,92,4,1,0,1,0,0,0,1
1.24,2009,0,0,24.95,85,3,1,0,0,0,0,0,0
1.24,2009,1,0,17.95,82,4,1,1,0,0,0,0,0
1.09,2009,1,0,22.95,94,3,2,1,0,0,0,0,1
1.07,2009,1,0,24.95,93,4,2,1,0,0,0,0,1
1.06,2009,1,0,22.95,85,3,2,1,1,0,0,0,1
0.95,2009,1,0,24.95,89,4,6,1,1,0,0,0,1
0.95,2009,0,1,17.95,80,3,2,0,0,0,0,0,1
0.94,2009,1,0,19.95,87,4,2,1,0,0,0,0,1
0.93,2009,1,0,39.95,86,3,2,0,0,0,0,0,0
0.91,2009,1,0,24.95,89,3,4,1,0,0,0,0,1
0.91,2009,1,0,24.95,88,3,2,1,0,0,0,0,1
0.91,2009,1,0,32.95,79,3,2,0,0,0,0,0,1
0.87,2009,1,0,32.95,87,3,2,0,0,0,0,0,0
0.86,2009,1,0,29.95,82,4,4,1,1,0,0,0,1
0.85,2009,0,0,37.95,87,3,1,0,0,0,0,0,0
0.84,2009,1,0,17.95,84,4,4,1,0,0,0,0,1
0.83,2009,0,0,34.95,83,3,2,1,0,0,0,0,1
0.82,2009,0,0,24.95,78,4,1,0,0,0,0,0,1
0.78,2009,0,0,29.95,49,3,1,0,1,0,0,0,0
0.77,2009,1,0,32.95,83,3,1,0,1,0,0,0,1
0.72,2009,0,0,32.95,90,3,1,1,0,0,0,0,0
0.7,2009,1,0,17.95,84,5,1,0,0,1,0,0,0
0.69,2009,1,0,17.95,72,3,2,0,1,0,0,0,1
0.68,2009,1,0,29.95,84,3,1,1,1,0,0,0,1
0.66,2009,1,0,19.95,90,3,1,0,1,0,0,0,1
0.65,2009,1,0,24.95,73,4,4,1,1,0,0,0,1
0.65,2009,0,0,24.95,79,3,1,0,0,0,0,0,1
0.64,2009,1,0,29.95,83,4,1,1,1,0,0,0,1
0.61,2009,0,0,17.95,56,3,1,0,1,0,0,0,0
0.6,2009,1,0,44.95,90,4,4,1,1,0,0,0,1
0.59,2009,1,0,49.95,91,3,7,1,1,0,0,0,1
0.58,2009,1,0,17.95,93,5,1,0,0,1,0,0,1
0.57,2009,1,0,22.95,85,4,4,1,0,0,0,0,1
0.57,2009,0,0,17.95,82,4,1,1,0,0,0,0,1
0.56,2009,1,0,29.95,80,4,4,1,0,0,0,0,1
0.56,2009,1,0,24.95,52,5,1,0,0,1,0,0,0
0.55,2009,1,0,29.95,80,4,2,1,0,0,0,0,1
0.54,2009,1,0,26.95,58,3,1,0,1,0,0,0,1
0.53,2009,0,1,17.95,79,4,2,0,0,0,0,0,1
0.53,2009,1,0,29.95,79,3,1,0,0,0,0,0,1
0.52,2009,0,0,17.95,76,3,1,0,1,0,0,0,0
0.52,2009,1,0,44.95,88,4,1,0,0,0,0,0,1
0.5,2009,1,0,29.95,84,4,4,1,0,0,0,0,1
0.49,2009,1,0,24.95,74,3,4,1,1,0,0,0,1
0.49,2009,1,0,32.95,87,5,1,0,0,1,0,0,0
0.48,2009,1,0,32.95,81,3,6,0,0,0,0,0,1
0.48,2009,1,0,34.95,84,3,1,0,0,0,0,0,0
0.47,2009,0,0,39.95,84,4,1,1,0,0,1,0,1
0.46,2009,1,0,17.95,84,3,4,1,0,0,0,0,1
0.46,2009,0,0,17.95,83,3,1,1,0,0,0,0,1
0.46,2009,0,0,39.95,90,4,1,0,0,0,0,0,1
0.46,2009,1,0,16.95,65,4,1,1,1,0,0,0,1
0.45,2009,1,0,29.95,86,3,4,1,0,0,0,0,1
0.45,2009,1,0,24.95,81,5,1,0,0,1,0,0,0
0.45,2009,1,0,24.95,78,3,1,0,0,0,0,0,1
0.45,2009,1,0,16.95,85,4,1,1,0,0,0,0,1
0.44,2009,1,0,17.95,78,3,4,0,0,0,0,0,0
0.44,2009,1,0,27.95,75,4,2,1,0,0,0,0,0
0.43,2009,0,1,39.95,91,3,4,0,0,0,0,0,0
0.43,2009,0,0,17.95,79,4,1,1,1,0,0,0,1
0.42,2009,1,0,17.95,71,4,2,0,1,0,0,0,1
0.42,2009,1,0,17.95,72,5,1,0,0,1,0,0,0
0.42,2009,1,0,17.95,67,3,1,0,1,0,0,0,1
0.42,2009,1,0,32.95,74,3,1,0,0,0,0,0,0
0.41,2009,1,0,17.95,74,5,1,0,0,1,0,0,0
0.4,2009,1,0,44.95,88,3,7,1,1,0,0,0,1
0.4,2009,1,0,24.95,85,3,1,0,0,0,0,0,1
0.4,2009,1,0,22.95,75,4,1,0,1,0,0,0,1
0.39,2009,0,0,12.95,81,3,2,0,0,0,0,0,0
0.38,2009,1,0,17.95,54,3,1,0,1,0,0,0,1
0.38,2009,0,0,49.95,87,3,1,0,0,0,1,0,1
0.37,2009,1,0,26.95,70,3,4,0,1,0,0,0,1
0.37,2009,1,0,16.95,48,3,2,0,1,0,0,0,1
0.37,2009,1,0,22.95,63,5,1,0,0,1,0,0,0
0.37,2009,0,0,39.95,87,3,1,0,0,0,0,0,1
0.36,2009,1,0,17.95,55,4,4,1,1,0,0,0,1
0.36,2009,0,0,23.95,87,3,2,1,0,0,0,0,0
0.36,2009,1,0,17.95,70,3,2,0,1,0,0,0,0
0.36,2009,1,0,29.95,75,3,2,0,0,0,0,0,0
0.34,2009,1,0,24.95,86,3,4,0,0,0,0,0,0
0.33,2009,0,0,17.95,55,3,4,0,1,0,0,0,1
0.33,2009,0,0,44.95,86,3,2,0,0,0,1,0,1
0.33,2009,1,0,17.95,78,3,1,1,0,0,0,0,1
0.33,2009,1,0,29.95,79,3,1,0,1,0,0,0,1
0.33,2009,1,0,24.95,66,3,1,0,0,0,0,0,0
0.33,2009,1,0,16.95,77,4,1,1,0,0,0,0,1
0.32,2009,1,0,24.95,71,4,4,0,1,0,0,0,1
0.32,2009,0,0,17.95,78,3,1,1,1,0,0,0,1
0.32,2009,1,0,32.95,87,4,1,1,1,0,0,0,1
0.31,2009,0,0,29.95,73,3,1,0,1,0,0,0,0
0.3,2009,1,0,17.95,85,3,1,1,0,0,0,0,1
0.29,2009,1,0,27.95,78,3,7,1,0,0,0,0,0
0.29,2009,0,0,24.95,60,3,1,1,1,0,0,0,1
0.29,2009,1,0,17.95,77,4,1,1,0,0,0,0,1
0.29,2009,1,0,19.95,61,4,1,1,1,0,0,0,1
0.28,2009,1,0,24.95,74,3,4,1,0,0,0,0,1
0.28,2009,1,0,27.95,76,4,4,1,0,0,0,0,1
0.28,2009,1,0,24.95,82,3,2,0,0,0,0,0,0
0.28,2009,1,0,24.95,81,3,1,1,0,0,0,0,1
0.28,2009,0,0,39.95,64,3,1,0,0,0,0,0,0
0.28,2009,0,0,22.95,69,3,1,0,0,0,0,0,0
0.28,2009,1,0,24.95,60,3,1,0,1,0,0,0,1
0.28,2009,1,0,19.95,61,3,1,0,0,0,0,0,0
0.27,2009,1,0,29.95,86,3,4,1,0,0,0,0,1
0.27,2009,1,0,34.95,87,3,1,1,1,0,0,0,1
0.26,2009,1,0,27.95,71,4,2,1,0,0,0,0,1
0.25,2009,1,0,24.95,90,5,1,1,0,1,0,0,1
0.25,2009,1,0,17.95,81,5,1,1,0,1,0,0,0
0.25,2009,1,0,19.95,61,3,1,0,1,0,0,0,1
0.24,2009,1,0,27.95,50,3,4,0,1,0,0,0,1
0.24,2009,1,0,17.95,78,5,1,0,1,1,0,0,0
0.24,2009,1,0,32.95,76,3,1,0,0,0,0,0,1
0.24,2009,0,0,17.95,73,4,1,0,0,0,0,0,1
0.24,2009,0,0,19.95,64,4,1,0,0,0,0,0,1
0.23,2009,0,0,17.95,73,5,1,0,0,1,0,0,0
0.23,2009,1,0,29.95,76,3,1,0,0,0,0,0,0
0.23,2009,0,1,22.95,72,4,1,1,0,0,0,0,1
0.22,2009,1,0,19.95,77,5,1,0,0,1,0,0,0
0.22,2009,0,0,17.95,47,5,1,0,1,1,0,0,1
0.22,2009,0,0,24.95,70,3,1,0,0,0,0,0,1
0.22,2009,1,0,24.95,70,3,1,0,1,0,0,0,1
0.22,2009,0,0,27.95,69,4,1,0,0,0,0,0,1
0.21,2009,0,0,24.95,74,3,1,1,1,0,0,0,0
0.21,2009,1,0,39.95,79,3,1,0,0,0,0,0,1
0.21,2009,1,0,19.95,53,3,1,0,1,0,0,0,1
0.2,2009,0,0,16.95,62,3,4,0,1,0,0,0,1
0.2,2009,1,0,24.95,70,3,2,1,0,0,0,0,1
0.2,2009,0,0,32.95,86,4,2,1,0,0,0,0,1
0.2,2009,1,0,17.95,48,5,1,0,1,1,0,0,0
0.2,2009,1,0,16.95,83,5,1,0,0,1,0,0,0
0.19,2009,1,0,19.95,71,4,4,1,0,0,0,0,1
0.19,2009,0,0,17.95,82,3,1,0,1,0,0,0,0
0.19,2009,1,0,19.95,63,3,1,1,1,0,0,0,1
0.19,2009,0,1,24.95,71,3,1,1,0,0,0,0,1
0.19,2009,1,0,19.95,72,3,1,0,1,0,0,0,0
0.18,2009,0,0,17.95,55,5,1,0,0,1,0,0,1
0.18,2009,1,0,17.95,79,3,1,1,0,0,0,0,1
0.18,2009,1,0,29.95,66,3,1,0,0,0,0,0,0
0.17,2009,1,0,24.95,78,5,1,0,0,1,0,0,0
0.17,2009,0,0,17.95,79,3,1,0,0,0,0,0,1
0.17,2009,1,0,24.95,80,4,1,1,0,0,0,0,1
0.17,2009,0,0,12.95,62,4,1,0,1,0,0,0,1
0.16,2009,1,0,22.95,73,3,4,1,0,0,0,0,1
0.16,2009,1,0,22.95,75,3,4,0,1,0,0,0,1
0.16,2009,1,0,39.95,74,3,2,0,0,0,0,0,0
0.16,2009,0,0,17.95,51,3,2,0,1,0,0,0,1
0.16,2009,0,1,27.95,64,5,1,0,0,1,0,0,0
0.16,2009,1,0,14.95,61,3,1,0,1,0,0,0,1
0.16,2009,0,1,24.95,80,3,1,0,0,0,0,0,0
0.16,2009,0,0,22.95,54,3,1,0,1,0,0,0,1
0.16,2009,1,0,24.95,76,4,1,1,0,0,0,0,0
0.15,2009,0,0,19.95,61,4,4,0,1,0,0,0,1
0.15,2009,1,0,19.95,75,4,2,1,0,0,0,0,1
0.15,2009,0,0,16.95,43,4,2,0,1,0,0,0,1
0.15,2009,1,0,17.95,71,5,1,0,0,1,0,0,1
0.15,2009,0,0,16.95,65,4,1,0,1,0,0,0,1
0.15,2009,1,0,16.95,82,4,1,1,1,0,0,0,0
0.15,2009,1,0,34.95,62,4,1,0,0,0,0,0,0
0.15,2009,1,0,19.95,64,4,1,0,1,0,0,0,1
0.15,2009,0,0,19.95,69,4,1,1,0,0,0,0,0
0.15,2009,1,0,34.95,75,4,1,0,0,0,0,0,0
0.14,2009,1,0,16.95,43,3,2,0,1,0,0,0,1
0.14,2009,0,0,17.95,42,4,2,0,1,0,0,0,1
0.14,2009,1,0,19.95,65,5,1,0,1,1,0,0,1
0.14,2009,0,0,16.95,61,3,1,0,1,0,0,0,1
0.14,2009,1,0,17.95,58,3,1,0,0,0,0,0,0
0.13,2009,0,0,23.95,68,5,1,0,1,1,0,0,0
0.13,2009,1,0,17.95,55,5,1,0,1,1,0,0,1
0.13,2009,1,0,49.95,80,3,1,0,0,0,1,0,0
0.13,2009,1,0,29.95,59,3,1,0,1,0,0,0,1
0.13,2009,0,1,22.95,61,3,1,0,0,0,0,0,0
0.13,2009,1,0,14.95,25,4,1,0,0,0,0,0,0
0.13,2009,0,0,29.95,59,4,1,0,1,0,0,0,1
0.12,2009,0,0,17.95,43,3,2,0,1,0,0,0,1
0.12,2009,0,0,23.95,84,5,1,0,0,1,0,0,0
0.12,2009,0,0,17.95,65,3,1,0,1,0,0,0,1
0.12,2009,1,0,13.95,71,3,1,1,0,0,0,0,0
0.12,2009,1,0,32.95,61,3,1,0,1,0,0,0,1
0.12,2009,1,0,19.95,66,3,1,0,1,0,0,0,1
0.12,2009,0,0,22.95,66,3,1,0,0,0,0,0,1
0.12,2009,0,0,24.95,87,3,1,0,0,0,0,0,0
0.12,2009,1,0,12.95,70,4,1,1,0,0,0,0,0
0.12,2009,1,0,24.95,69,4,1,0,0,0,0,0,1
0.11,2009,1,0,24.95,66,3,7,1,1,0,0,0,1
0.11,2009,0,0,16.95,51,4,4,1,0,0,0,0,1
0.11,2009,0,0,17.95,66,4,4,0,1,0,0,0,0
0.11,2009,0,0,19.95,43,3,2,0,1,0,0,0,1
0.11,2009,0,0,19.95,69,3,2,0,1,0,0,0,1
0.11,2009,0,0,39.95,61,4,2,1,1,0,0,0,0
0.11,2009,1,0,24.95,54,4,2,0,1,0,0,0,1
0.11,2009,1,0,17.95,73,5,1,0,1,1,0,0,0
0.11,2009,1,0,24.95,86,5,1,0,0,1,0,0,0
0.11,2009,0,0,17.95,81,3,1,0,0,0,0,0,1
0.11,2009,1,0,24.95,64,3,1,0,0,0,0,0,1
0.11,2009,0,0,29.95,76,3,1,0,0,0,0,0,0
0.11,2009,0,0,14.95,48,4,1,0,1,0,0,0,1
0.11,2009,0,0,19.95,56,4,1,0,0,0,0,0,0
0.1,2009,0,0,24.95,65,3,4,0,1,0,0,0,1
0.1,2009,1,0,27.95,78,4,4,1,0,0,0,0,1
0.1,2009,1,0,29.95,57,3,2,1,0,0,0,0,1
0.1,2009,0,0,19.95,66,3,2,0,1,0,0,0,1
0.1,2009,1,0,19.95,72,3,2,1,0,0,0,0,1
0.1,2009,0,0,17.95,84,5,1,0,0,1,0,0,0
0.1,2009,1,0,14.95,75,5,1,0,0,1,0,0,0
0.1,2009,1,0,32.95,83,5,1,0,0,1,0,0,0
0.1,2009,1,0,17.95,80,3,1,1,1,0,0,0,0
0.1,2009,0,0,24.95,62,3,1,0,0,0,0,0,1
0.1,2009,0,0,24.95,73,3,1,0,0,0,0,0,1
0.1,2009,0,0,22.95,27,3,1,0,0,0,0,0,1
0.1,2009,0,0,14.95,51,3,1,0,0,0,0,0,1
0.1,2009,1,0,24.95,73,3,1,0,1,0,0,0,1
0.1,2009,1,0,24.95,73,3,1,0,1,0,0,0,1
0.1,2009,1,0,19.95,71,4,1,1,1,0,0,0,1
0.1,2009,0,0,14.95,53,4,1,0,0,0,0,0,0
0.09,2009,1,0,17.95,70,4,4,1,1,0,0,0,1
0.09,2009,0,0,13.95,64,5,1,0,0,1,0,0,1
0.09,2009,0,0,17.95,63,5,1,0,1,1,0,0,1
0.09,2009,0,0,17.95,51,3,1,0,0,0,0,0,0
0.09,2009,0,0,17.95,53,3,1,0,0,0,0,0,1
0.09,2009,1,0,17.95,68,3,1,0,0,0,0,0,0
0.09,2009,0,0,12.95,63,3,1,0,0,0,0,0,1
0.09,2009,1,0,27.95,61,4,1,0,1,0,0,0,1
0.09,2009,1,0,24.95,51,4,1,0,1,0,0,0,0
0.09,2009,0,0,16.95,25,4,1,0,1,0,0,0,0
0.09,2009,0,0,24.95,60,4,1,0,0,0,0,0,0
0.09,2009,0,0,24.95,73,4,1,0,0,0,0,0,1
0.09,2009,0,0,19.95,68,4,1,0,0,0,0,0,0
0.08,2009,1,0,24.95,70,3,4,1,1,0,0,0,1
0.08,2009,1,0,34.95,50,3,4,0,0,0,0,0,1
0.08,2009,0,0,17.95,59,3,2,0,0,0,0,0,0
0.08,2009,0,1,19.95,74,3,2,0,0,0,0,0,1
0.08,2009,1,0,17.95,61,5,1,0,1,1,0,0,0
0.08,2009,0,0,17.95,84,5,1,1,0,1,0,0,0
0.08,2009,1,0,19.95,72,3,1,1,1,0,0,0,1
0.08,2009,0,0,16.95,67,3,1,1,0,0,0,0,1
0.08,2009,0,0,17.95,72,3,1,0,0,0,0,0,0
0.08,2009,0,0,14.95,66,4,1,1,0,0,0,0,1
0.08,2009,0,0,19.95,62,4,1,1,0,0,0,0,1
0.08,2009,0,0,19.95,28,4,1,1,0,0,0,0,1
0.08,2009,1,0,17.95,50,4,1,0,0,0,0,0,1
0.07,2009,1,0,29.95,57,4,4,1,0,0,0,0,1
0.07,2009,0,0,22.95,63,4,2,0,1,0,0,0,1
0.07,2009,0,0,14.95,56,4,2,0,1,0,0,0,0
0.07,2009,0,0,24.95,45,5,1,0,1,1,0,0,0
0.07,2009,0,0,7.95,58,5,1,0,0,1,0,0,0
0.07,2009,0,0,17.95,36,3,1,0,0,0,0,0,1
0.07,2009,0,0,34.95,67,3,1,0,1,0,0,0,1
0.07,2009,0,0,29.95,68,4,1,0,1,0,0,0,1
0.07,2009,1,0,19.95,50,4,1,0,1,0,0,0,1
0.07,2009,0,0,17.95,38,4,1,0,0,0,0,0,0
0.07,2009,0,0,14.95,48,4,1,1,0,0,0,0,1
0.06,2009,1,0,19.95,74,3,8,0,1,0,0,0,1
0.06,2009,1,0,29.95,59,3,4,1,0,0,0,0,1
0.06,2009,0,0,22.95,50,3,2,0,1,0,0,0,1
0.06,2009,0,0,19.95,36,4,2,1,0,0,0,0,1
0.06,2009,1,0,24.95,63,4,2,1,0,0,0,0,1
0.06,2009,0,1,17.95,78,5,1,0,0,1,0,0,1
0.06,2009,0,0,17.95,82,5,1,0,0,1,0,0,0
0.06,2009,0,0,24.95,78,5,1,0,0,1,0,0,0
0.06,2009,0,0,22.95,72,5,1,1,0,1,0,0,0
0.06,2009,1,0,17.95,17,3,1,0,0,0,0,0,0
0.06,2009,0,0,14.95,67,3,1,0,0,0,0,0,0
0.06,2009,0,0,17.95,52,3,1,0,0,0,0,0,0
0.06,2009,0,0,17.95,56,3,1,0,0,0,0,0,1
0.05,2009,0,0,19.95,53,4,2,0,1,0,0,0,1
0.05,2009,0,0,24.95,58,5,1,0,0,1,0,0,0
0.05,2009,0,0,29.95,75,5,1,0,0,1,0,0,0
0.05,2009,0,0,17.95,71,5,1,0,0,1,0,0,0
0.05,2009,0,0,24.95,43,5,1,0,0,1,0,0,1
0.05,2009,1,0,29.95,66,5,1,0,0,1,0,0,0
0.05,2009,0,0,29.95,63,5,1,0,0,1,0,0,0
0.05,2009,1,0,19.95,49,3,1,0,1,0,0,0,1
0.05,2009,1,0,16.95,35,3,1,0,0,0,0,0,1
0.05,2009,0,0,19.95,50,3,1,0,0,0,0,0,1
0.05,2009,0,0,16.95,65,3,1,0,0,0,0,0,0
0.05,2009,0,0,12.95,42,3,1,0,1,0,0,0,1
0.05,2009,0,0,19.95,65,3,1,0,1,0,0,0,0
0.05,2009,0,0,12.95,62,3,1,0,0,0,0,0,0
0.05,2009,1,0,27.95,70,3,1,0,1,0,0,0,1
0.05,2009,1,0,17.95,47,4,1,0,1,0,0,0,1
0.05,2009,0,0,19.95,72,4,1,1,0,0,0,0,0
0.05,2009,1,0,14.95,30,4,1,0,0,0,0,0,1
0.04,2009,0,1,24.95,74,3,2,0,0,0,0,0,0
0.04,2009,0,0,17.95,73,4,2,0,0,0,0,0,0
0.04,2009,0,0,17.95,82,5,1,0,0,1,0,0,1
0.04,2009,1,0,24.95,72,5,1,0,0,1,0,0,0
0.04,2009,1,0,24.95,36,5,1,1,0,1,0,0,0
0.04,2009,0,0,34.95,45,5,1,0,0,1,0,0,0
0.04,2009,0,1,17.95,54,5,1,0,0,1,0,0,1
0.04,2009,0,0,44.95,60,4,1,0,0,0,0,0,0
0.03,2009,0,0,17.95,68,5,1,0,0,1,0,0,0
0.03,2009,1,0,24.95,65,5,1,1,0,1,0,0,0
0.02,2009,1,0,11.95,45,5,1,0,1,1,0,0,0
0.01,2009,1,0,27.95,67,5,1,0,0,1,0,0,0
3.3,2010,1,0,39.95,98,4,2,0,0,0,0,0,0
2.65,2010,1,0,49.95,95,5,1,1,0,0,0,0,1
2.58,2010,1,0,44.95,92,4,1,0,0,0,0,0,0
1.91,2010,1,0,47.95,88,5,1,1,0,0,0,0,1
1.86,2010,1,0,49.95,95,4,1,1,0,0,0,0,1
1.72,2010,1,0,32.95,96,5,1,0,0,0,0,0,0
1.22,2010,1,0,39.95,88,5,1,1,0,0,0,0,1
1.13,2010,1,0,44.95,88,4,1,0,0,0,0,0,1
1.06,2010,1,0,44.95,85,5,2,1,1,0,0,0,0
1.03,2010,1,0,44.95,82,5,1,0,0,0,0,0,1
0.83,2010,0,0,44.95,87,4,1,0,0,0,0,0,0
0.74,2010,0,0,34.95,76,4,1,1,0,0,0,0,0
0.65,2010,1,0,47.95,91,4,1,0,0,0,0,0,1
0.64,2010,1,0,37.95,88,4,1,1,0,0,0,0,1
0.59,2010,0,0,32.95,82,4,1,0,0,0,0,0,1
0.59,2010,0,0,47.95,83,5,1,0,0,0,0,0,0
0.59,2010,0,0,32.95,83,5,1,0,0,0,0,0,1
0.56,2010,0,0,34.95,75,4,1,0,0,0,0,1,0
0.52,2010,0,1,34.95,64,5,1,1,1,0,0,0,1
0.49,2010,0,0,34.95,73,5,1,0,0,0,0,0,0
0.45,2010,1,0,34.95,73,5,2,1,0,0,0,0,1
0.42,2010,1,0,24.95,76,4,1,1,0,0,0,0,0
0.4,2010,0,1,24.95,70,6,1,0,0,1,0,0,0
0.4,2010,1,0,49.95,81,5,1,0,0,0,0,0,1
0.39,2010,0,0,49.95,82,4,4,1,0,0,0,0,0
0.35,2010,0,1,39.95,65,4,1,1,1,0,0,0,1
0.33,2010,1,0,34.95,74,4,2,1,0,0,0,0,1
0.32,2010,1,0,44.95,83,4,1,0,0,0,0,0,1
0.31,2010,1,0,49.95,68,5,2,1,0,0,0,0,1
0.29,2010,0,0,32.95,78,4,1,0,0,0,0,0,1
0.27,2010,0,0,39.95,85,4,4,1,1,0,0,0,0
0.27,2010,0,0,34.95,77,4,1,0,0,0,0,0,0
0.24,2010,2,0,32.95,80,5,1,0,0,0,0,0,0
0.24,2010,1,0,47.95,73,5,1,0,0,0,0,0,1
0.22,2010,0,0,49.95,82,5,4,1,0,0,0,0,0
0.2,2010,1,0,47.95,68,4,1,0,0,0,0,0,1
0.19,2010,0,0,39.95,77,4,8,1,0,0,0,0,1
0.19,2010,2,0,34.95,80,4,1,0,0,0,0,0,0
0.18,2010,0,0,32.95,69,4,2,0,1,0,0,0,0
0.18,2010,1,0,34.95,58,4,1,0,0,0,0,0,1
0.18,2010,0,0,39.95,77,5,1,0,1,0,0,0,0
0.18,2010,0,0,39.95,75,5,1,1,0,0,0,0,1
0.17,2010,0,0,39.95,82,5,4,1,0,0,0,0,1
0.17,2010,0,0,39.95,59,4,1,0,1,0,0,0,1
0.16,2010,1,0,32.95,79,6,1,0,0,1,0,0,1
0.16,2010,1,0,44.95,75,4,1,0,0,0,0,0,1
0.15,2010,0,0,22.95,59,4,1,0,0,0,0,0,1
0.15,2010,0,0,22.95,59,5,1,0,0,0,0,0,1
0.15,2010,0,0,39.95,71,5,1,0,0,0,0,0,0
0.15,2010,1,0,39.95,75,5,1,0,0,0,0,0,0
0.14,2010,0,0,44.95,82,4,4,1,0,0,0,0,1
0.14,2010,0,0,47.95,72,4,1,0,0,0,0,0,0
0.12,2010,1,0,29.95,55,5,1,0,0,0,0,0,1
0.11,2010,1,0,39.95,87,4,1,0,0,0,0,0,0
0.1,2010,1,0,34.95,81,4,2,0,0,0,0,0,0
0.1,2010,1,1,24.95,77,6,1,0,0,1,0,0,0
0.09,2010,0,0,44.95,68,4,1,0,0,0,0,0,1
0.09,2010,0,0,47.95,67,5,1,0,0,0,0,0,1
0.09,2010,0,0,49.95,74,5,1,0,0,0,0,0,0
0.08,2010,1,0,29.95,82,6,1,0,0,1,0,0,0
0.07,2010,1,0,24.95,73,6,1,0,0,1,0,0,1
0.06,2010,0,0,32.95,56,4,1,0,1,0,0,0,0
0.06,2010,0,1,16.95,56,4,1,0,0,0,0,0,0
0.05,2010,0,0,39.95,58,5,2,0,1,0,0,0,1
0.05,2010,0,0,32.95,40,5,2,0,1,0,0,0,1
0.05,2010,0,0,39.95,51,4,1,0,1,0,0,0,1
0.05,2010,0,0,24.95,54,5,1,0,1,0,0,0,0
0.04,2010,1,0,39.95,69,5,2,1,1,0,0,0,1
0.04,2010,1,0,39.95,70,4,1,0,1,0,0,0,1
0.04,2010,0,0,32.95,41,4,1,0,1,0,0,0,1
0.04,2010,0,0,24.95,74,4,1,0,0,0,0,0,1
0.04,2010,0,0,49.95,71,5,1,0,0,0,0,1,0
0.02,2010,1,1,16.95,67,6,1,0,0,1,0,0,0
